1,3,5,7,9,11,13,15,17,19,21,23,25,27,29,31,33,35,37,39,41,43,45,47,49,51,53,55,57,59,61,63,65,67,69,71,73,75,77,79,81,83,85,87,89,91,93,95,97,99,101,103,105,107,109,111,113,115,117,119,121,123,125,127,129,131,133,135,137,139,141,143,145,147,149,151,153,155,157,159,161,163,165,167,169,171,173,175,177,179,181,183,185,187,189,191,193,195,197,199,201,203,205,207,209,211,213,215,217,219,221,223,225,227,229,231,233,235,237,239,241,243,245,247,249,251,253,255,257,259,261,263,265,267,269,271,273,275,277,279,281,283,285,287,289,291,293,295,297,299,301,303,305,307,309,311,313,315,317,319,321,323,325,327,329,331,333,335,337,339,341,343,345,347,349,351,353,355,357,359,361,363,365,367,369,371,373,375,377,379,381,383,385,387,389,391,393,395,397,399,401,403,405,407,409,411,413,415,417,419,421,423,425,427,429,431,433,435,437,439,441,443,445,447,449,451,453,455,457,459,461,463,465,467,469,471,473,475,477,479,481,483,485,487,489,491,493,495,497,499,501,503,505,507,509,511,513,515,517,519,521,523,525,527,529,531,533,535,537,539,541,543,545,547,549,551,553,555,557,559,561,563,565,567,569,571,573,575,577,579,581,583,585,587,589,591,593,595,597,599,601,603,605,607,609,611,613,615,617,619,621,623,625,627,629,631,633,635,637,639,641,643,645,647,649,651,653,655,657,659,661
0.078,0.107,0.132,0.02,0.168,0.131,0.056,0.089,0.17,0.225,0.183,0.184,0.155,0.128,0.102,0.096,0.102,0.125,0.124,0.141,0.145,0.156,0.159,0.145,0.093,0.115,0.119,0.104,0.077,0.1,0.099,0.104,0.08,0.071,0.084,0.083,0.072,0.084,0.071,0.082,0.068,0.064,0.059,0.063,0.065,0.063,0.065,0.052,0.045,0.043,0.036,0.053,0.048,0.042,0.05,0.042,0.037,0.028,0.038,0.049,0.044,0.039,0.037,0.033,0.027,0.025,0.021,0.034,0.03,0.028,0.034,0.031,0.024,0.035,0.026,0.031,0.032,0.026,0.032,0.041,0.043,0.029,0.035,0.031,0.033,0.03,0.042,0.038,0.023,0.032,0.032,0.028,0.043,0.044,0.044,0.038,0.042,0.026,0.034,0.037,0.029,0.049,0.052,0.052,0.071,0.048,0.063,0.064,0.059,0.084,0.059,0.073,0.061,0.052,0.07,0.088,0.055,0.123,0.083,0.083,0.088,0.132,0.144,0.161,0.156,0.288,0.215,0.235,0.475,0.707,0.517,0.648,0.389,0.406,0.321,0.235,0.246,0.167,0.135,0.125,0.101,0.11,0.114,0.08,0.078,0.083,0.07,0.073,0.072,0.063,0.052,0.06,0.051,0.05,0.037,0.049,0.112,0.119,0.114,0.123,0.128,0.133,0.133,0.125,0.124,0.119,0.123,0.117,0.108,0.097,0.104,0.103,0.1,0.106,0.104,0.113,0.101,0.092,0.086,0.083,0.077,0.083,0.081,0.075,0.074,0.076,0.069,0.064,0.067,0.068,0.072,0.073,0.077,0.077,0.076,0.074,0.074,0.073,0.07,0.075,0.073,0.071,0.073,0.068,0.066,0.062,0.062,0.059,0.059,0.058,0.055,0.055,0.05,0.048,0.044,0.041,0.042,0.044,0.045,0.047,0.043,0.042,0.039,0.038,0.038,0.035,0.028,0.026,0.024,0.026,0.024,0.02,0.018,0.019,0.016,0.016,0.016,0.016,0.016,0.016,0.017,0.018,0.014,0.014,0.014,0.013,0.014,0.016,0.014,0.013,0.012,0.012,0.011,0.013,0.013,0.013,0.013,0.014,0.015,0.017,0.017,0.015,0.016,0.015,0.015,0.015,0.014,0.013,0.013,0.013,0.014,0.013,0.012,0.013,0.013,0.012,0.012,0.012,0.012,0.012,0.013,0.012,0.013,0.013,0.012,0.012,0.014,0.015,0.015,0.016,0.017,0.015,0.015,0.016,0.014,0.015,0.014,0.015,0.014,0.014,0.014,0.014,0.014,0.015,0.014,0.013,0.013,0.013,0.013,0.013,0.013,0.013,0.011,0.012,0.012,0.011,0.011,0.011,0.011,0.009,0.009,0.01,0.011,0.011,0.011,0.013,0.012,0.027,,,
0.117,0.112,0.029,0.128,0.14,0.102,0.073,0.093,0.089,0.096,0.081,0.056,0.06,0.098,0.133,0.099,0.096,0.097,0.096,0.12,0.065,0.132,0.095,0.062,0.084,0.096,0.078,0.092,0.084,0.062,0.077,0.069,0.078,0.048,0.054,0.074,0.076,0.064,0.045,0.051,0.042,0.043,0.045,0.056,0.031,0.042,0.035,0.032,0.04,0.034,0.029,0.032,0.044,0.035,0.038,0.016,0.022,0.027,0.041,0.019,0.03,0.025,0.015,0.025,0.017,0.009,0.023,0.017,0.035,0.026,0.029,0.026,0.028,0.028,0.016,0.019,0.028,0.03,0.026,0.034,0.032,0.031,0.018,0.021,0.022,0.032,0.018,0.029,0.029,0.023,0.016,0.027,0.029,0.034,0.036,0.022,0.019,0.035,0.034,0.036,0.043,0.043,0.055,0.071,0.043,0.033,0.059,0.053,0.053,0.063,0.056,0.067,0.072,0.07,0.091,0.069,0.108,0.094,0.087,0.151,0.149,0.139,0.189,0.163,0.341,0.621,0.393,0.18,0.224,0.191,0.137,0.109,0.067,0.079,0.076,0.051,0.053,0.066,0.056,0.033,0.043,0.134,0.138,0.127,0.112,0.101,0.086,0.085,0.098,0.097,0.095,0.087,0.086,0.082,0.078,0.079,0.072,0.068,0.066,0.062,0.063,0.062,0.065,0.063,0.063,0.063,0.068,0.066,0.064,0.065,0.067,0.066,0.069,0.069,0.067,0.067,0.069,0.07,0.068,0.067,0.065,0.07,0.066,0.061,0.062,0.061,0.056,0.054,0.054,0.051,0.048,0.051,0.048,0.047,0.046,0.043,0.042,0.04,0.037,0.036,0.037,0.036,0.034,0.033,0.032,0.032,0.034,0.035,0.033,0.03,0.029,0.028,0.027,0.028,0.026,0.025,0.022,0.019,0.018,0.016,0.015,0.015,0.011,0.011,0.01,0.01,0.008,0.008,0.007,0.007,0.008,0.008,0.009,0.008,0.009,0.009,0.007,0.007,0.005,0.003,0.003,0.004,0.005,0.004,0.007,0.006,0.005,0.006,0.007,0.007,0.007,0.006,0.005,0.005,0.005,0.004,0.006,0.007,0.008,0.007,0.007,0.007,0.006,0.007,0.009,0.008,0.008,0.007,0.006,0.006,0.007,0.007,0.007,0.006,0.007,0.007,0.008,0.009,0.007,0.008,0.007,0.007,0.007,0.007,0.008,0.008,0.007,0.007,0.007,0.007,0.009,0.008,0.009,0.009,0.009,0.008,0.009,0.008,0.009,0.01,0.01,0.009,0.008,0.008,0.008,0.008,0.008,0.008,0.007,0.007,0.007,0.007,0.005,0.005,0.006,0.006,0.006,0.005,0.005,0.005,0.006,0.006,0.005,0.005,0.005,0.004,0.004,0.004,0.021,,
0.134,0.2,0.155,0.046,0.142,0.138,0.158,0.183,0.147,0.157,0.157,0.105,0.08,0.159,0.172,0.144,0.112,0.133,0.178,0.146,0.152,0.12,0.111,0.145,0.13,0.104,0.131,0.103,0.102,0.095,0.093,0.146,0.096,0.083,0.072,0.089,0.114,0.096,0.106,0.093,0.082,0.074,0.085,0.098,0.085,0.073,0.054,0.055,0.059,0.092,0.064,0.036,0.058,0.073,0.066,0.062,0.062,0.066,0.058,0.045,0.07,0.061,0.055,0.041,0.031,0.047,0.052,0.047,0.058,0.046,0.043,0.05,0.037,0.055,0.054,0.033,0.023,0.045,0.041,0.038,0.037,0.033,0.035,0.05,0.04,0.043,0.039,0.039,0.036,0.048,0.039,0.04,0.031,0.039,0.033,0.05,0.045,0.035,0.029,0.027,0.033,0.036,0.037,0.05,0.047,0.043,0.036,0.051,0.042,0.036,0.036,0.043,0.044,0.032,0.038,0.042,0.048,0.042,0.053,0.057,0.048,0.051,0.056,0.06,0.045,0.068,0.054,0.048,0.038,0.052,0.063,0.059,0.05,0.042,0.066,0.056,0.038,0.059,0.066,0.037,0.063,0.051,0.047,0.068,0.041,0.035,0.021,0.037,0.039,0.193,0.512,0.674,0.506,0.353,0.335,0.241,0.165,0.17,0.174,0.166,0.136,0.125,0.111,0.1,0.105,0.112,0.088,0.078,0.09,0.067,0.084,0.075,0.072,0.065,0.066,0.056,0.051,0.048,0.051,0.049,0.051,0.053,0.046,0.045,0.041,0.042,0.034,0.041,0.039,0.038,0.038,0.04,0.035,0.037,0.03,0.034,0.033,0.03,0.036,0.032,0.029,0.028,0.03,0.028,0.046,0.041,0.041,0.031,0.027,0.031,0.038,0.033,0.036,0.037,0.034,0.033,0.032,0.026,0.023,0.021,0.018,0.017,0.014,0.016,0.016,0.013,0.014,0.008,0.007,0.006,0.005,0.006,0.005,0.004,0.005,0.003,0.007,0.005,0.003,0.004,0.006,0.009,0.01,0.013,0.016,0.018,0.019,0.02,0.019,0.018,0.02,0.022,0.024,0.024,0.023,0.022,0.021,0.022,0.022,0.023,0.023,0.025,0.025,0.025,0.025,0.024,0.023,0.022,0.022,0.021,0.02,0.02,0.017,0.019,0.018,0.019,0.019,0.018,0.016,0.017,0.015,0.016,0.015,0.015,0.015,0.014,0.015,0.014,0.014,0.015,0.016,0.013,0.016,0.014,0.013,0.013,0.013,0.012,0.011,0.011,0.01,0.009,0.008,0.006,0.006,0.005,0.006,0.005,0.006,0.005,0.005,0.006,0.007,0.007,0.005,0.005,0.006,0.005,0.006,0.006,0.005,0.006,0.006,0.007,0.008,0.007,0.008,0.017,,,
0.051,0.052,0.052,0.059,0.09,0.114,0.1,0.196,0.152,0.153,0.157,0.145,0.143,0.189,0.171,0.156,0.165,0.204,0.151,0.145,0.119,0.165,0.13,0.151,0.147,0.177,0.135,0.132,0.099,0.051,0.099,0.094,0.077,0.103,0.08,0.074,0.061,0.064,0.061,0.069,0.073,0.097,0.072,0.094,0.071,0.059,0.064,0.06,0.061,0.042,0.057,0.053,0.039,0.057,0.035,0.068,0.053,0.053,0.05,0.044,0.047,0.044,0.04,0.036,0.029,0.028,0.032,0.032,0.026,0.013,0.029,0.028,0.028,0.028,0.036,0.046,0.035,0.022,0.028,0.041,0.035,0.025,0.044,0.035,0.033,0.028,0.02,0.028,0.034,0.034,0.018,0.025,0.036,0.031,0.044,0.046,0.036,0.033,0.032,0.021,0.025,0.037,0.029,0.043,0.054,0.052,0.072,0.05,0.046,0.054,0.053,0.071,0.052,0.081,0.059,0.048,0.073,0.066,0.086,0.09,0.076,0.086,0.109,0.105,0.143,0.185,0.19,0.234,0.214,0.276,0.575,0.738,0.609,0.504,0.417,0.306,0.232,0.214,0.147,0.135,0.114,0.128,0.096,0.095,0.092,0.058,0.05,0.052,0.059,0.064,0.058,0.038,0.04,0.05,0.053,0.037,0.032,0.048,0.046,0.045,0.031,0.034,0.033,0.03,0.032,0.03,0.024,0.03,0.021,0.029,0.026,0.083,0.071,0.09,0.086,0.08,0.076,0.07,0.068,0.076,0.084,0.082,0.086,0.085,0.081,0.081,0.084,0.086,0.089,0.089,0.087,0.085,0.081,0.083,0.087,0.086,0.08,0.079,0.085,0.086,0.09,0.087,0.087,0.088,0.085,0.083,0.083,0.079,0.075,0.071,0.064,0.061,0.057,0.054,0.052,0.053,0.054,0.051,0.055,0.055,0.05,0.045,0.039,0.041,0.038,0.039,0.034,0.034,0.03,0.026,0.023,0.022,0.019,0.018,0.016,0.016,0.016,0.016,0.013,0.014,0.013,0.011,0.014,0.017,0.016,0.016,0.015,0.012,0.013,0.012,0.011,0.011,0.011,0.01,0.01,0.01,0.01,0.011,0.012,0.011,0.012,0.013,0.014,0.015,0.015,0.018,0.018,0.017,0.018,0.019,0.022,0.023,0.022,0.025,0.024,0.023,0.021,0.02,0.02,0.02,0.019,0.02,0.019,0.021,0.021,0.02,0.021,0.021,0.02,0.02,0.02,0.021,0.021,0.021,0.02,0.02,0.021,0.021,0.02,0.019,0.019,0.018,0.017,0.018,0.019,0.018,0.018,0.019,0.019,0.02,0.02,0.02,0.019,0.019,0.019,0.019,0.019,0.019,0.02,0.02,0.021,0.022,0.021,0.02,0.021,0.02,0.021,0.02,0.026,,
0.084,0.153,0.143,0.162,0.196,0.189,0.165,0.145,0.149,0.115,0.137,0.128,0.128,0.11,0.092,0.081,0.098,0.084,0.086,0.101,0.06,0.092,0.065,0.049,0.053,0.063,0.073,0.08,0.079,0.081,0.066,0.062,0.054,0.072,0.071,0.038,0.057,0.049,0.067,0.05,0.045,0.061,0.048,0.054,0.038,0.04,0.037,0.034,0.041,0.035,0.037,0.027,0.029,0.029,0.027,0.028,0.033,0.039,0.027,0.035,0.042,0.03,0.034,0.027,0.019,0.04,0.035,0.042,0.04,0.036,0.032,0.039,0.024,0.026,0.028,0.024,0.02,0.024,0.034,0.049,0.043,0.031,0.038,0.039,0.02,0.033,0.033,0.021,0.052,0.058,0.041,0.053,0.059,0.041,0.057,0.066,0.057,0.062,0.065,0.052,0.07,0.08,0.057,0.094,0.08,0.094,0.105,0.12,0.115,0.153,0.241,0.21,0.229,0.134,0.346,0.571,0.364,0.254,0.221,0.151,0.133,0.128,0.117,0.073,0.075,0.088,0.052,0.075,0.071,0.044,0.053,0.051,0.049,0.042,0.049,0.045,0.032,0.039,0.038,0.023,0.029,0.029,0.028,0.025,0.025,0.025,0.026,0.027,0.03,0.023,0.024,0.027,0.02,0.02,0.018,0.019,0.017,0.021,0.018,0.015,0.016,0.016,0.014,0.013,0.015,0.012,0.018,0.011,0.012,0.011,0.013,0.012,0.015,0.018,0.018,0.015,0.024,0.049,0.052,0.051,0.047,0.041,0.037,0.027,0.027,0.025,0.028,0.022,0.019,0.014,0.016,0.013,0.007,0.008,0.007,0.008,0.006,0.009,0.009,0.008,0.006,0.004,0.003,0.004,0.007,0.006,0.005,0.003,0.003,0.003,0.002,0.003,0.005,0.004,0.005,0.003,0.001,0.002,0.0,0.002,0.002,0.002,0.006,0.005,0.006,0.006,0.005,0.005,0.006,0.004,0.005,0.006,0.004,0.004,0.005,0.005,0.006,0.005,0.004,0.004,0.005,0.004,0.006,0.005,0.006,0.006,0.004,0.004,0.004,0.003,0.005,0.005,0.005,0.006,0.005,0.004,0.003,0.003,0.003,0.002,0.002,0.003,0.002,0.003,0.002,0.003,0.003,0.004,0.003,0.003,0.004,0.005,0.004,0.005,0.005,0.005,0.005,0.005,0.005,0.004,0.002,0.002,0.003,0.004,0.005,0.004,0.004,0.004,0.004,0.005,0.006,0.008,0.008,0.008,0.008,0.009,0.009,0.008,0.009,0.009,0.009,0.01,0.01,0.01,0.01,0.012,0.012,0.012,0.012,0.012,0.013,0.014,0.013,0.014,0.013,0.014,0.014,0.013,0.012,0.013,0.014,0.013,0.014,0.014,0.014,0.014,0.004,,,,
0.097,0.07,0.05,0.146,0.12,0.055,0.129,0.23,0.187,0.197,0.185,0.151,0.129,0.116,0.147,0.101,0.155,0.143,0.165,0.163,0.147,0.102,0.111,0.112,0.111,0.101,0.104,0.101,0.086,0.078,0.047,0.092,0.049,0.075,0.096,0.054,0.079,0.051,0.055,0.06,0.054,0.064,0.059,0.034,0.045,0.048,0.043,0.033,0.034,0.033,0.047,0.037,0.032,0.024,0.042,0.049,0.041,0.04,0.037,0.038,0.031,0.035,0.029,0.013,0.032,0.016,0.032,0.032,0.03,0.022,0.03,0.04,0.027,0.027,0.031,0.025,0.037,0.038,0.041,0.034,0.024,0.029,0.024,0.028,0.03,0.031,0.037,0.027,0.017,0.026,0.036,0.039,0.044,0.037,0.044,0.036,0.036,0.034,0.031,0.053,0.045,0.049,0.045,0.053,0.063,0.075,0.059,0.05,0.04,0.066,0.078,0.067,0.081,0.037,0.076,0.084,0.073,0.083,0.103,0.116,0.144,0.124,0.129,0.214,0.212,0.222,0.235,0.214,0.227,0.229,0.219,0.22,0.22,0.212,0.206,0.199,0.192,0.192,0.182,0.174,0.162,0.153,0.144,0.128,0.133,0.128,0.118,0.113,0.11,0.107,0.105,0.104,0.103,0.102,0.101,0.1,0.094,0.088,0.084,0.081,0.078,0.076,0.075,0.07,0.068,0.065,0.064,0.063,0.063,0.06,0.062,0.062,0.059,0.061,0.059,0.061,0.062,0.062,0.061,0.058,0.057,0.056,0.055,0.058,0.058,0.058,0.059,0.057,0.054,0.053,0.049,0.051,0.05,0.05,0.05,0.048,0.047,0.047,0.046,0.048,0.046,0.045,0.043,0.04,0.038,0.038,0.037,0.035,0.036,0.036,0.035,0.034,0.032,0.03,0.029,0.028,0.028,0.028,0.028,0.027,0.027,0.024,0.025,0.023,0.021,0.021,0.019,0.019,0.016,0.016,0.015,0.014,0.014,0.015,0.016,0.015,0.016,0.014,0.014,0.013,0.014,0.014,0.015,0.014,0.014,0.014,0.013,0.013,0.014,0.014,0.014,0.016,0.015,0.016,0.015,0.015,0.016,0.017,0.018,0.02,0.019,0.018,0.018,0.017,0.016,0.016,0.017,0.017,0.017,0.016,0.016,0.015,0.015,0.016,0.016,0.016,0.015,0.015,0.014,0.014,0.014,0.014,0.015,0.015,0.014,0.015,0.015,0.015,0.015,0.015,0.015,0.015,0.015,0.015,0.015,0.015,0.014,0.014,0.015,0.014,0.014,0.014,0.014,0.015,0.015,0.015,0.015,0.015,0.015,0.015,0.015,0.015,0.015,0.016,0.016,0.016,0.017,0.017,0.016,0.017,0.017,0.017,0.017,0.016,0.016,0.017,0.017,0.016,0.016,0.032,
0.16,0.143,0.112,0.073,0.053,0.12,0.072,0.086,0.082,0.074,0.133,0.135,0.146,0.084,0.116,0.077,0.131,0.05,0.089,0.101,0.109,0.119,0.109,0.109,0.087,0.127,0.104,0.1,0.118,0.095,0.119,0.086,0.074,0.119,0.106,0.076,0.077,0.048,0.074,0.075,0.07,0.08,0.071,0.084,0.078,0.054,0.06,0.071,0.065,0.076,0.05,0.038,0.025,0.062,0.036,0.05,0.026,0.056,0.039,0.031,0.024,0.036,0.034,0.017,0.044,0.044,0.03,0.042,0.034,0.035,0.03,0.031,0.019,0.037,0.017,0.027,0.033,0.025,0.029,0.036,0.029,0.028,0.03,0.037,0.03,0.043,0.026,0.038,0.032,0.029,0.029,0.02,0.021,0.031,0.027,0.029,0.027,0.029,0.031,0.04,0.027,0.044,0.04,0.039,0.045,0.037,0.059,0.039,0.048,0.032,0.051,0.049,0.063,0.055,0.062,0.052,0.066,0.062,0.06,0.087,0.052,0.074,0.052,0.083,0.095,0.098,0.122,0.118,0.123,0.071,0.193,0.12,0.21,0.176,0.181,0.483,0.528,0.467,0.319,0.313,0.188,0.259,0.118,0.155,0.156,0.116,0.122,0.104,0.094,0.079,0.074,0.073,0.045,0.044,0.046,0.04,0.034,0.041,0.042,0.042,0.029,0.03,0.059,0.055,0.057,0.053,0.057,0.052,0.048,0.044,0.041,0.034,0.031,0.024,0.024,0.021,0.014,0.014,0.013,0.011,0.012,0.011,0.009,0.01,0.007,0.004,0.005,0.003,0.003,0.004,0.005,0.003,0.005,0.006,0.008,0.006,0.004,0.007,0.007,0.009,0.011,0.011,0.011,0.008,0.009,0.01,0.009,0.007,0.006,0.008,0.007,0.006,0.006,0.006,0.005,0.006,0.006,0.004,0.005,0.005,0.005,0.006,0.006,0.006,0.004,0.006,0.006,0.005,0.005,0.004,0.004,0.006,0.008,0.008,0.007,0.008,0.008,0.008,0.009,0.009,0.011,0.01,0.009,0.011,0.01,0.011,0.009,0.008,0.009,0.009,0.01,0.011,0.012,0.012,0.013,0.012,0.012,0.013,0.014,0.013,0.012,0.012,0.013,0.012,0.012,0.012,0.012,0.013,0.011,0.011,0.012,0.01,0.01,0.011,0.012,0.013,0.013,0.014,0.014,0.013,0.014,0.014,0.014,0.014,0.014,0.013,0.012,0.012,0.012,0.013,0.012,0.013,0.013,0.014,0.014,0.015,0.016,0.015,0.015,0.015,0.015,0.016,0.016,0.015,0.015,0.016,0.016,0.016,0.016,0.017,0.017,0.017,0.017,0.018,0.019,0.02,0.02,0.02,0.02,0.02,0.02,0.02,0.019,0.019,0.019,0.019,0.019,0.019,0.02,0.009,
0.051,0.073,0.182,0.173,0.146,0.095,0.131,0.162,0.202,0.205,0.165,0.15,0.159,0.081,0.128,0.117,0.135,0.115,0.085,0.141,0.178,0.167,0.126,0.131,0.131,0.107,0.119,0.104,0.09,0.097,0.11,0.095,0.072,0.076,0.05,0.048,0.07,0.054,0.08,0.092,0.067,0.079,0.067,0.062,0.062,0.075,0.052,0.057,0.052,0.043,0.033,0.021,0.056,0.06,0.055,0.047,0.049,0.055,0.034,0.035,0.028,0.028,0.049,0.045,0.036,0.035,0.046,0.029,0.034,0.01,0.027,0.025,0.03,0.029,0.032,0.027,0.034,0.029,0.02,0.021,0.029,0.037,0.035,0.041,0.034,0.032,0.037,0.034,0.025,0.019,0.031,0.029,0.028,0.029,0.016,0.025,0.029,0.035,0.038,0.028,0.036,0.033,0.036,0.024,0.019,0.04,0.017,0.049,0.043,0.042,0.058,0.045,0.035,0.068,0.054,0.046,0.039,0.049,0.047,0.058,0.053,0.072,0.062,0.058,0.044,0.071,0.079,0.068,0.073,0.075,0.097,0.079,0.082,0.093,0.149,0.115,0.134,0.157,0.118,0.187,0.214,0.175,0.2,0.243,0.462,0.738,0.594,0.493,0.386,0.353,0.268,0.192,0.139,0.159,0.162,0.147,0.106,0.096,0.09,0.089,0.084,0.093,0.075,0.065,0.072,0.054,0.054,0.064,0.072,0.054,0.059,0.044,0.035,0.046,0.044,0.039,0.035,0.037,0.03,0.038,0.043,0.036,0.033,0.028,0.035,0.027,0.029,0.025,0.028,0.024,0.03,0.027,0.012,0.007,0.01,0.012,0.014,0.01,0.006,0.003,0.005,0.006,0.004,0.005,0.002,0.003,0.004,0.003,0.005,0.002,0.001,0.004,0.005,0.007,0.005,0.004,0.007,0.008,0.008,0.007,0.01,0.011,0.011,0.01,0.01,0.01,0.01,0.009,0.01,0.009,0.011,0.01,0.008,0.007,0.006,0.008,0.007,0.007,0.007,0.006,0.006,0.007,0.007,0.006,0.004,0.003,0.004,0.003,0.003,0.003,0.004,0.004,0.004,0.004,0.005,0.004,0.005,0.005,0.005,0.005,0.003,0.003,0.003,0.004,0.005,0.007,0.007,0.007,0.006,0.006,0.004,0.004,0.005,0.005,0.006,0.007,0.009,0.008,0.008,0.008,0.008,0.008,0.008,0.008,0.008,0.008,0.008,0.008,0.008,0.008,0.009,0.01,0.009,0.009,0.009,0.009,0.008,0.008,0.009,0.008,0.008,0.008,0.008,0.007,0.007,0.007,0.008,0.008,0.007,0.008,0.008,0.009,0.008,0.008,0.008,0.007,0.007,0.008,0.008,0.009,0.008,0.008,0.008,0.009,0.009,0.009,0.009,0.01,,,
0.138,0.071,0.094,0.12,0.143,0.183,0.218,0.149,0.122,0.157,0.112,0.105,0.106,0.101,0.14,0.132,0.12,0.06,0.136,0.135,0.087,0.066,0.114,0.112,0.074,0.109,0.107,0.077,0.116,0.066,0.071,0.063,0.1,0.061,0.072,0.069,0.062,0.079,0.05,0.061,0.066,0.061,0.055,0.032,0.05,0.045,0.054,0.034,0.028,0.047,0.045,0.027,0.025,0.026,0.021,0.026,0.046,0.031,0.034,0.034,0.032,0.025,0.027,0.032,0.039,0.032,0.031,0.028,0.024,0.034,0.034,0.026,0.022,0.029,0.037,0.035,0.031,0.038,0.018,0.029,0.029,0.027,0.019,0.036,0.027,0.042,0.026,0.036,0.04,0.025,0.039,0.019,0.026,0.037,0.029,0.035,0.039,0.06,0.057,0.056,0.057,0.064,0.043,0.053,0.078,0.062,0.079,0.051,0.088,0.095,0.093,0.092,0.118,0.099,0.127,0.164,0.216,0.175,0.228,0.331,0.455,0.414,0.245,0.332,0.235,0.188,0.137,0.134,0.13,0.084,0.09,0.066,0.079,0.048,0.055,0.04,0.046,0.047,0.032,0.037,0.035,0.032,0.03,0.032,0.05,0.048,0.085,0.092,0.08,0.077,0.11,0.132,0.14,0.134,0.137,0.134,0.128,0.126,0.125,0.123,0.123,0.125,0.12,0.127,0.129,0.119,0.112,0.109,0.103,0.098,0.087,0.084,0.085,0.081,0.078,0.076,0.076,0.08,0.08,0.076,0.075,0.073,0.076,0.07,0.068,0.072,0.07,0.069,0.067,0.072,0.069,0.071,0.066,0.068,0.066,0.062,0.058,0.053,0.051,0.05,0.05,0.049,0.049,0.047,0.044,0.043,0.038,0.033,0.032,0.032,0.029,0.029,0.028,0.025,0.023,0.025,0.022,0.019,0.021,0.019,0.018,0.016,0.016,0.013,0.012,0.011,0.012,0.012,0.012,0.01,0.011,0.009,0.008,0.008,0.007,0.009,0.006,0.006,0.005,0.006,0.004,0.004,0.003,0.002,0.003,0.002,0.002,0.003,0.002,0.002,0.002,0.002,0.002,0.001,0.002,0.001,0.001,0.001,0.001,0.003,0.004,0.003,0.0,0.001,0.002,0.001,0.001,0.002,0.001,0.001,0.002,0.002,0.002,0.002,0.003,0.004,0.004,0.005,0.005,0.004,0.005,0.003,0.003,0.003,0.005,0.005,0.005,0.005,0.005,0.006,0.005,0.005,0.005,0.005,0.005,0.005,0.005,0.006,0.007,0.007,0.008,0.008,0.008,0.007,0.007,0.007,0.007,0.006,0.006,0.005,0.005,0.006,0.006,0.006,0.006,0.007,0.006,0.005,0.006,0.005,0.005,0.005,0.005,0.006,0.005,0.004,0.004,0.02,,,
0.066,0.073,0.098,0.112,0.102,0.163,0.098,0.08,0.113,0.161,0.17,0.14,0.124,0.093,0.081,0.071,0.078,0.137,0.112,0.139,0.115,0.106,0.15,0.102,0.119,0.081,0.102,0.079,0.095,0.067,0.089,0.073,0.075,0.082,0.059,0.071,0.054,0.064,0.062,0.082,0.067,0.057,0.052,0.051,0.054,0.043,0.053,0.059,0.036,0.032,0.043,0.041,0.033,0.05,0.052,0.046,0.028,0.037,0.037,0.028,0.04,0.042,0.031,0.039,0.024,0.033,0.026,0.015,0.026,0.023,0.027,0.026,0.03,0.029,0.026,0.033,0.023,0.025,0.023,0.033,0.025,0.025,0.035,0.028,0.026,0.02,0.028,0.023,0.026,0.033,0.017,0.031,0.026,0.026,0.038,0.041,0.031,0.026,0.029,0.024,0.025,0.034,0.041,0.036,0.058,0.046,0.053,0.066,0.03,0.038,0.051,0.065,0.049,0.07,0.088,0.055,0.038,0.061,0.058,0.055,0.081,0.072,0.082,0.106,0.087,0.126,0.147,0.121,0.15,0.209,0.303,0.589,0.665,0.597,0.488,0.411,0.323,0.205,0.216,0.147,0.117,0.113,0.092,0.099,0.086,0.07,0.073,0.109,0.113,0.118,0.121,0.113,0.106,0.114,0.125,0.119,0.116,0.116,0.11,0.106,0.103,0.096,0.096,0.095,0.087,0.082,0.081,0.084,0.082,0.084,0.086,0.083,0.086,0.08,0.076,0.076,0.074,0.081,0.075,0.075,0.076,0.079,0.079,0.076,0.077,0.078,0.074,0.074,0.073,0.075,0.075,0.075,0.074,0.069,0.069,0.069,0.064,0.062,0.061,0.057,0.052,0.051,0.05,0.049,0.046,0.05,0.048,0.049,0.046,0.043,0.042,0.039,0.037,0.034,0.031,0.031,0.03,0.029,0.028,0.027,0.029,0.028,0.026,0.027,0.026,0.025,0.025,0.023,0.022,0.019,0.019,0.016,0.016,0.018,0.016,0.016,0.015,0.013,0.013,0.01,0.011,0.01,0.008,0.008,0.007,0.009,0.009,0.01,0.01,0.01,0.011,0.011,0.01,0.01,0.01,0.01,0.011,0.012,0.012,0.011,0.015,0.016,0.017,0.017,0.015,0.014,0.016,0.018,0.018,0.017,0.016,0.015,0.016,0.017,0.019,0.019,0.02,0.021,0.021,0.022,0.022,0.021,0.022,0.021,0.021,0.023,0.022,0.021,0.02,0.021,0.023,0.024,0.024,0.021,0.02,0.02,0.02,0.02,0.018,0.018,0.018,0.017,0.017,0.016,0.016,0.017,0.018,0.018,0.017,0.018,0.017,0.019,0.019,0.018,0.017,0.018,0.018,0.018,0.017,0.017,0.017,0.016,0.015,0.016,0.015,0.015,0.014,0.029,,,
0.192,0.161,0.089,0.032,0.053,0.036,0.092,0.072,0.11,0.142,0.14,0.094,0.044,0.034,0.01,0.092,0.123,0.121,0.11,0.088,0.121,0.169,0.111,0.119,0.107,0.099,0.088,0.097,0.094,0.092,0.073,0.067,0.075,0.036,0.07,0.075,0.053,0.058,0.042,0.029,0.038,0.034,0.046,0.023,0.031,0.041,0.032,0.037,0.035,0.032,0.032,0.023,0.02,0.024,0.03,0.038,0.024,0.025,0.029,0.024,0.022,0.027,0.008,0.019,0.033,0.024,0.025,0.026,0.021,0.027,0.019,0.029,0.017,0.026,0.026,0.022,0.035,0.031,0.03,0.025,0.028,0.017,0.011,0.021,0.025,0.029,0.021,0.025,0.023,0.016,0.029,0.026,0.033,0.03,0.03,0.034,0.024,0.026,0.021,0.023,0.021,0.041,0.026,0.04,0.035,0.035,0.047,0.039,0.035,0.036,0.036,0.038,0.054,0.036,0.041,0.052,0.051,0.055,0.042,0.056,0.053,0.043,0.071,0.072,0.072,0.086,0.084,0.097,0.074,0.109,0.099,0.124,0.122,0.159,0.209,0.197,0.253,0.256,0.553,0.7,0.751,0.657,0.42,0.221,0.33,0.23,0.189,0.154,0.155,0.156,0.135,0.064,0.097,0.081,0.089,0.067,0.07,0.069,0.059,0.054,0.061,0.052,0.046,0.049,0.036,0.035,0.082,0.08,0.08,0.077,0.073,0.074,0.07,0.07,0.07,0.064,0.062,0.062,0.06,0.056,0.055,0.059,0.058,0.058,0.06,0.058,0.053,0.049,0.049,0.042,0.038,0.035,0.031,0.03,0.029,0.024,0.025,0.02,0.017,0.015,0.016,0.015,0.013,0.013,0.009,0.014,0.013,0.011,0.01,0.009,0.011,0.01,0.01,0.007,0.009,0.008,0.009,0.009,0.008,0.007,0.007,0.006,0.006,0.004,0.004,0.002,0.004,0.002,0.001,0.002,0.003,0.004,0.004,0.005,0.006,0.006,0.006,0.005,0.006,0.005,0.006,0.006,0.004,0.003,0.003,0.005,0.006,0.006,0.005,0.005,0.005,0.007,0.007,0.007,0.004,0.003,0.003,0.002,0.002,0.002,0.003,0.003,0.003,0.004,0.005,0.005,0.005,0.005,0.004,0.006,0.006,0.006,0.006,0.006,0.006,0.006,0.006,0.006,0.006,0.006,0.006,0.006,0.006,0.006,0.006,0.007,0.006,0.006,0.006,0.005,0.006,0.006,0.005,0.004,0.004,0.003,0.003,0.002,0.002,0.001,0.002,0.003,0.004,0.004,0.003,0.004,0.003,0.004,0.005,0.005,0.005,0.006,0.006,0.006,0.006,0.006,0.006,0.006,0.006,0.006,0.007,0.007,0.006,0.007,0.006,0.006,0.006,0.007,0.007,0.011,
0.108,0.122,0.152,0.082,0.094,0.162,0.107,0.071,0.15,0.227,0.144,0.134,0.144,0.107,0.112,0.091,0.094,0.144,0.151,0.158,0.179,0.167,0.152,0.149,0.119,0.154,0.136,0.104,0.079,0.096,0.108,0.055,0.07,0.088,0.078,0.065,0.075,0.077,0.062,0.063,0.076,0.061,0.063,0.063,0.065,0.057,0.036,0.034,0.048,0.052,0.057,0.035,0.045,0.048,0.042,0.038,0.034,0.048,0.036,0.027,0.045,0.037,0.039,0.027,0.025,0.036,0.027,0.026,0.039,0.031,0.037,0.031,0.03,0.029,0.033,0.037,0.044,0.035,0.044,0.04,0.036,0.026,0.034,0.037,0.037,0.029,0.032,0.036,0.036,0.043,0.049,0.039,0.035,0.042,0.043,0.031,0.045,0.04,0.066,0.047,0.073,0.07,0.079,0.062,0.06,0.073,0.074,0.087,0.077,0.058,0.097,0.063,0.125,0.096,0.095,0.105,0.143,0.193,0.243,0.3,0.277,0.304,0.747,0.807,0.644,0.543,0.403,0.285,0.256,0.168,0.137,0.126,0.19,0.195,0.195,0.197,0.215,0.222,0.21,0.205,0.202,0.2,0.194,0.191,0.177,0.172,0.171,0.161,0.149,0.155,0.14,0.136,0.123,0.119,0.118,0.116,0.108,0.109,0.105,0.105,0.101,0.099,0.091,0.092,0.085,0.087,0.082,0.078,0.074,0.074,0.071,0.07,0.069,0.07,0.07,0.069,0.071,0.069,0.065,0.063,0.064,0.061,0.063,0.063,0.06,0.058,0.06,0.059,0.058,0.058,0.059,0.059,0.058,0.054,0.054,0.052,0.051,0.05,0.048,0.048,0.046,0.045,0.044,0.044,0.044,0.043,0.043,0.044,0.042,0.04,0.039,0.036,0.034,0.034,0.033,0.031,0.03,0.03,0.031,0.03,0.027,0.023,0.023,0.025,0.026,0.026,0.026,0.025,0.025,0.025,0.025,0.024,0.023,0.02,0.019,0.019,0.018,0.017,0.019,0.02,0.018,0.018,0.018,0.017,0.018,0.017,0.017,0.016,0.015,0.014,0.013,0.013,0.012,0.012,0.012,0.013,0.012,0.013,0.012,0.014,0.013,0.012,0.012,0.012,0.011,0.011,0.011,0.009,0.01,0.008,0.008,0.007,0.008,0.007,0.008,0.007,0.008,0.007,0.007,0.007,0.007,0.008,0.007,0.008,0.008,0.008,0.007,0.007,0.007,0.007,0.007,0.007,0.007,0.008,0.006,0.006,0.006,0.007,0.008,0.007,0.007,0.007,0.007,0.007,0.006,0.007,0.008,0.008,0.008,0.008,0.008,0.008,0.008,0.007,0.007,0.008,0.008,0.008,0.008,0.008,0.007,0.008,0.008,0.008,0.008,0.009,0.008,0.008,0.029,,
0.187,0.137,0.067,0.058,0.041,0.039,0.061,0.058,0.105,0.112,0.109,0.149,0.079,0.04,0.09,0.082,0.073,0.112,0.133,0.094,0.08,0.122,0.121,0.106,0.124,0.101,0.16,0.154,0.091,0.115,0.099,0.073,0.087,0.114,0.085,0.08,0.063,0.043,0.065,0.054,0.092,0.066,0.073,0.053,0.053,0.041,0.039,0.064,0.045,0.038,0.04,0.054,0.019,0.033,0.037,0.03,0.025,0.029,0.038,0.041,0.04,0.037,0.026,0.027,0.034,0.027,0.04,0.042,0.023,0.022,0.037,0.023,0.02,0.021,0.023,0.005,0.021,0.03,0.018,0.023,0.031,0.017,0.027,0.029,0.027,0.029,0.028,0.022,0.023,0.027,0.029,0.026,0.032,0.027,0.015,0.028,0.027,0.02,0.029,0.024,0.018,0.021,0.025,0.024,0.033,0.023,0.021,0.033,0.019,0.022,0.031,0.03,0.024,0.026,0.027,0.032,0.029,0.031,0.024,0.035,0.036,0.019,0.03,0.036,0.022,0.027,0.037,0.033,0.037,0.041,0.051,0.051,0.051,0.046,0.038,0.039,0.038,0.055,0.051,0.052,0.05,0.047,0.045,0.052,0.047,0.058,0.079,0.04,0.06,0.064,0.061,0.077,0.08,0.088,0.098,0.07,0.126,0.133,0.118,0.094,0.115,0.118,0.182,0.185,0.17,0.191,0.228,0.508,0.077,0.075,0.069,0.063,0.06,0.064,0.066,0.064,0.063,0.061,0.057,0.055,0.055,0.057,0.058,0.057,0.054,0.049,0.048,0.044,0.038,0.031,0.029,0.028,0.023,0.026,0.022,0.02,0.017,0.016,0.012,0.012,0.011,0.009,0.008,0.009,0.011,0.01,0.011,0.008,0.01,0.011,0.007,0.01,0.011,0.011,0.011,0.009,0.007,0.008,0.006,0.005,0.006,0.005,0.006,0.004,0.006,0.005,0.004,0.002,0.003,0.004,0.004,0.006,0.008,0.007,0.006,0.007,0.007,0.008,0.007,0.007,0.006,0.007,0.006,0.006,0.006,0.007,0.007,0.007,0.005,0.005,0.006,0.005,0.005,0.005,0.006,0.005,0.005,0.006,0.005,0.005,0.006,0.006,0.005,0.005,0.004,0.005,0.005,0.006,0.006,0.005,0.005,0.004,0.003,0.004,0.005,0.005,0.005,0.006,0.007,0.008,0.008,0.007,0.007,0.007,0.007,0.007,0.008,0.007,0.007,0.007,0.006,0.005,0.005,0.004,0.004,0.005,0.005,0.003,0.002,0.002,0.003,0.003,0.002,0.003,0.003,0.003,0.003,0.004,0.004,0.004,0.005,0.006,0.006,0.006,0.006,0.005,0.007,0.007,0.007,0.007,0.006,0.007,0.006,0.006,0.006,0.005,0.005,0.006,0.005,0.008,
0.122,0.047,0.051,0.207,0.286,0.247,0.116,0.12,0.193,0.177,0.216,0.208,0.147,0.145,0.142,0.148,0.115,0.128,0.107,0.12,0.076,0.104,0.091,0.107,0.081,0.068,0.085,0.082,0.072,0.077,0.069,0.079,0.076,0.076,0.064,0.05,0.058,0.05,0.056,0.057,0.058,0.072,0.057,0.062,0.061,0.038,0.053,0.039,0.039,0.052,0.041,0.037,0.047,0.028,0.032,0.041,0.036,0.033,0.037,0.039,0.036,0.027,0.033,0.05,0.038,0.05,0.044,0.041,0.035,0.029,0.033,0.043,0.033,0.032,0.042,0.044,0.048,0.047,0.043,0.033,0.049,0.045,0.04,0.05,0.057,0.068,0.071,0.08,0.059,0.04,0.063,0.056,0.058,0.084,0.068,0.065,0.087,0.088,0.081,0.107,0.068,0.105,0.138,0.126,0.154,0.162,0.246,0.248,0.176,0.273,0.626,0.678,0.482,0.427,0.336,0.191,0.214,0.141,0.13,0.106,0.092,0.101,0.097,0.067,0.077,0.075,0.066,0.055,0.055,0.057,0.051,0.054,0.044,0.029,0.048,0.043,0.036,0.028,0.026,0.032,0.036,0.026,0.029,0.031,0.026,0.029,0.032,0.027,0.025,0.029,0.032,0.024,0.026,0.021,0.02,0.016,0.023,0.02,0.023,0.02,0.02,0.017,0.085,0.094,0.09,0.089,0.089,0.089,0.095,0.098,0.102,0.096,0.091,0.092,0.092,0.085,0.081,0.074,0.072,0.066,0.062,0.06,0.058,0.056,0.049,0.037,0.037,0.044,0.045,0.044,0.034,0.03,0.028,0.029,0.027,0.026,0.022,0.019,0.017,0.017,0.019,0.018,0.014,0.01,0.008,0.005,0.004,0.002,0.004,0.002,0.005,0.005,0.006,0.006,0.007,0.008,0.011,0.012,0.015,0.019,0.02,0.021,0.023,0.024,0.026,0.027,0.029,0.027,0.026,0.028,0.028,0.028,0.028,0.028,0.029,0.03,0.03,0.03,0.029,0.028,0.029,0.029,0.028,0.029,0.03,0.029,0.03,0.031,0.03,0.03,0.03,0.029,0.029,0.029,0.028,0.027,0.027,0.028,0.027,0.027,0.026,0.026,0.026,0.026,0.025,0.025,0.026,0.025,0.024,0.024,0.023,0.023,0.024,0.024,0.024,0.023,0.023,0.023,0.025,0.024,0.024,0.024,0.023,0.023,0.022,0.022,0.021,0.023,0.023,0.022,0.023,0.023,0.023,0.022,0.022,0.021,0.021,0.021,0.021,0.021,0.02,0.019,0.019,0.019,0.02,0.019,0.018,0.018,0.017,0.018,0.018,0.018,0.019,0.018,0.018,0.018,0.018,0.019,0.019,0.019,0.018,0.018,0.017,0.016,0.015,0.014,0.014,0.014,0.015,0.025,
0.06,0.081,0.116,0.096,0.155,0.116,0.129,0.124,0.109,0.081,0.181,0.185,0.194,0.178,0.201,0.174,0.154,0.162,0.126,0.127,0.125,0.184,0.151,0.152,0.153,0.11,0.117,0.112,0.113,0.093,0.105,0.101,0.096,0.082,0.094,0.084,0.095,0.066,0.037,0.076,0.072,0.073,0.087,0.095,0.086,0.07,0.088,0.067,0.059,0.057,0.051,0.069,0.052,0.051,0.062,0.038,0.042,0.045,0.039,0.055,0.034,0.029,0.054,0.049,0.035,0.033,0.038,0.031,0.04,0.041,0.031,0.039,0.035,0.04,0.018,0.01,0.026,0.023,0.022,0.035,0.026,0.025,0.031,0.031,0.036,0.023,0.029,0.023,0.032,0.035,0.03,0.04,0.032,0.029,0.03,0.03,0.025,0.022,0.033,0.028,0.023,0.02,0.031,0.029,0.041,0.034,0.044,0.027,0.036,0.031,0.021,0.029,0.025,0.041,0.029,0.039,0.055,0.047,0.059,0.035,0.055,0.059,0.044,0.052,0.066,0.059,0.057,0.048,0.045,0.052,0.059,0.055,0.065,0.064,0.079,0.08,0.095,0.102,0.133,0.109,0.162,0.206,0.183,0.159,0.366,0.331,0.495,0.673,0.742,0.455,0.388,0.28,0.197,0.161,0.16,0.129,0.106,0.112,0.072,0.099,0.084,0.093,0.054,0.063,0.052,0.06,0.063,0.117,0.107,0.101,0.106,0.115,0.113,0.113,0.116,0.108,0.113,0.111,0.109,0.102,0.096,0.098,0.102,0.103,0.097,0.096,0.094,0.087,0.091,0.095,0.096,0.094,0.093,0.097,0.099,0.096,0.092,0.093,0.091,0.089,0.082,0.077,0.074,0.071,0.069,0.067,0.065,0.061,0.06,0.055,0.057,0.054,0.053,0.05,0.043,0.041,0.036,0.037,0.037,0.037,0.037,0.032,0.027,0.025,0.022,0.017,0.021,0.021,0.02,0.017,0.016,0.015,0.013,0.014,0.015,0.016,0.016,0.015,0.015,0.015,0.015,0.013,0.013,0.014,0.015,0.013,0.014,0.011,0.008,0.006,0.008,0.007,0.009,0.01,0.01,0.013,0.013,0.013,0.013,0.013,0.016,0.019,0.021,0.022,0.021,0.023,0.023,0.025,0.025,0.024,0.024,0.022,0.022,0.023,0.024,0.023,0.023,0.023,0.022,0.023,0.023,0.023,0.023,0.023,0.023,0.026,0.027,0.028,0.026,0.026,0.025,0.023,0.022,0.022,0.021,0.022,0.022,0.023,0.023,0.024,0.024,0.022,0.022,0.023,0.022,0.022,0.021,0.022,0.021,0.022,0.022,0.021,0.021,0.021,0.021,0.021,0.021,0.021,0.021,0.02,0.021,0.02,0.021,0.021,0.021,0.021,0.02,0.019,0.03,,
0.12,0.078,0.075,0.11,0.081,0.086,0.047,0.085,0.104,0.108,0.121,0.075,0.062,0.071,0.086,0.14,0.147,0.128,0.126,0.127,0.115,0.063,0.115,0.138,0.167,0.114,0.13,0.094,0.054,0.069,0.059,0.036,0.098,0.118,0.067,0.084,0.081,0.072,0.078,0.036,0.059,0.057,0.066,0.066,0.06,0.055,0.047,0.05,0.037,0.047,0.054,0.035,0.034,0.026,0.026,0.035,0.028,0.036,0.037,0.042,0.028,0.034,0.011,0.039,0.027,0.04,0.035,0.027,0.033,0.02,0.023,0.03,0.012,0.028,0.027,0.026,0.027,0.03,0.027,0.034,0.036,0.024,0.022,0.023,0.022,0.028,0.035,0.023,0.032,0.021,0.03,0.031,0.016,0.025,0.027,0.035,0.024,0.033,0.029,0.023,0.026,0.031,0.031,0.027,0.036,0.019,0.032,0.029,0.021,0.034,0.03,0.038,0.037,0.047,0.053,0.045,0.065,0.039,0.05,0.037,0.048,0.059,0.051,0.077,0.069,0.056,0.062,0.045,0.055,0.104,0.081,0.092,0.091,0.107,0.098,0.132,0.175,0.151,0.204,0.212,0.168,0.358,0.597,0.788,0.849,0.438,0.338,0.305,0.242,0.189,0.162,0.099,0.106,0.085,0.103,0.088,0.088,0.058,0.067,0.044,0.064,0.071,0.048,0.056,0.048,0.037,0.084,0.082,0.078,0.073,0.073,0.076,0.075,0.075,0.073,0.065,0.066,0.071,0.073,0.073,0.071,0.069,0.064,0.063,0.06,0.061,0.063,0.063,0.06,0.06,0.057,0.052,0.047,0.045,0.042,0.037,0.037,0.035,0.032,0.03,0.027,0.028,0.025,0.025,0.021,0.017,0.015,0.014,0.014,0.013,0.013,0.012,0.009,0.009,0.009,0.009,0.009,0.008,0.01,0.01,0.009,0.009,0.01,0.01,0.01,0.009,0.007,0.007,0.008,0.007,0.008,0.006,0.005,0.005,0.005,0.006,0.005,0.007,0.006,0.006,0.007,0.007,0.006,0.005,0.005,0.004,0.004,0.006,0.006,0.006,0.005,0.005,0.006,0.007,0.008,0.009,0.009,0.008,0.008,0.008,0.008,0.009,0.009,0.008,0.011,0.01,0.01,0.008,0.008,0.008,0.008,0.007,0.009,0.009,0.01,0.009,0.007,0.006,0.007,0.007,0.006,0.005,0.005,0.004,0.005,0.003,0.003,0.003,0.003,0.003,0.004,0.004,0.004,0.005,0.004,0.005,0.006,0.006,0.005,0.005,0.004,0.004,0.003,0.004,0.003,0.003,0.003,0.003,0.002,0.003,0.004,0.004,0.004,0.004,0.004,0.005,0.005,0.005,0.005,0.006,0.006,0.006,0.007,0.007,0.006,0.011,,,,,
0.053,0.055,0.058,0.065,0.086,0.125,0.189,0.116,0.102,0.101,0.125,0.11,0.184,0.161,0.204,0.184,0.202,0.181,0.186,0.163,0.208,0.176,0.15,0.16,0.148,0.102,0.089,0.1,0.131,0.141,0.167,0.141,0.122,0.128,0.121,0.097,0.08,0.069,0.057,0.05,0.071,0.088,0.08,0.073,0.084,0.085,0.045,0.062,0.037,0.07,0.044,0.05,0.035,0.045,0.04,0.033,0.041,0.018,0.033,0.043,0.026,0.047,0.039,0.029,0.041,0.049,0.035,0.037,0.027,0.03,0.037,0.031,0.034,0.036,0.046,0.039,0.047,0.03,0.044,0.047,0.032,0.074,0.061,0.068,0.059,0.051,0.052,0.066,0.067,0.06,0.075,0.062,0.102,0.105,0.107,0.134,0.113,0.165,0.248,0.268,0.363,0.481,0.824,0.828,0.512,0.447,0.337,0.201,0.163,0.144,0.097,0.098,0.093,0.105,0.064,0.066,0.04,0.075,0.062,0.053,0.057,0.058,0.047,0.043,0.037,0.044,0.048,0.037,0.032,0.038,0.037,0.031,0.031,0.035,0.026,0.03,0.036,0.028,0.028,0.033,0.032,0.03,0.02,0.029,0.024,0.023,0.026,0.024,0.025,0.019,0.021,0.021,0.021,0.022,0.02,0.018,0.021,0.017,0.017,0.019,0.019,0.02,0.019,0.019,0.02,0.02,0.017,0.02,0.016,0.018,0.018,0.016,0.016,0.017,0.018,0.047,0.063,0.059,0.074,0.085,0.101,0.09,0.082,0.096,0.092,0.094,0.103,0.103,0.099,0.102,0.102,0.099,0.09,0.092,0.086,0.082,0.088,0.092,0.094,0.107,0.106,0.103,0.099,0.101,0.101,0.1,0.102,0.099,0.102,0.099,0.101,0.106,0.102,0.098,0.098,0.098,0.092,0.086,0.08,0.078,0.074,0.07,0.066,0.064,0.059,0.061,0.059,0.056,0.053,0.049,0.048,0.044,0.041,0.041,0.04,0.04,0.041,0.042,0.041,0.038,0.035,0.033,0.029,0.028,0.024,0.022,0.023,0.019,0.016,0.014,0.011,0.009,0.007,0.005,0.006,0.006,0.004,0.002,0.003,0.001,0.002,0.003,0.004,0.001,0.002,0.003,0.004,0.006,0.008,0.009,0.01,0.007,0.009,0.01,0.009,0.009,0.01,0.011,0.01,0.011,0.012,0.013,0.013,0.013,0.013,0.013,0.014,0.014,0.014,0.014,0.015,0.015,0.014,0.014,0.013,0.012,0.012,0.012,0.011,0.011,0.011,0.012,0.012,0.013,0.012,0.012,0.011,0.011,0.01,0.009,0.008,0.008,0.008,0.007,0.008,0.007,0.007,0.006,0.007,0.007,0.008,0.007,0.006,0.005,0.004,0.004,0.026,,,,
0.047,0.053,0.069,0.093,0.118,0.148,0.181,0.151,0.13,0.111,0.174,0.048,0.093,0.096,0.139,0.198,0.184,0.175,0.155,0.125,0.084,0.063,0.084,0.099,0.112,0.152,0.18,0.176,0.149,0.14,0.125,0.131,0.134,0.096,0.093,0.078,0.073,0.079,0.076,0.059,0.098,0.077,0.067,0.059,0.091,0.076,0.072,0.044,0.058,0.064,0.053,0.044,0.032,0.051,0.034,0.038,0.038,0.036,0.044,0.047,0.034,0.035,0.03,0.045,0.038,0.032,0.043,0.03,0.036,0.036,0.017,0.032,0.021,0.03,0.037,0.02,0.043,0.034,0.035,0.019,0.027,0.03,0.036,0.037,0.032,0.04,0.027,0.036,0.03,0.03,0.036,0.039,0.03,0.032,0.025,0.023,0.03,0.041,0.047,0.039,0.042,0.039,0.036,0.029,0.05,0.023,0.051,0.057,0.05,0.075,0.049,0.06,0.061,0.06,0.071,0.07,0.069,0.073,0.059,0.074,0.086,0.069,0.086,0.101,0.107,0.1,0.11,0.123,0.129,0.184,0.215,0.255,0.284,0.392,0.441,0.755,0.86,0.858,0.507,0.446,0.387,0.267,0.227,0.187,0.157,0.154,0.114,0.118,0.118,0.094,0.075,0.089,0.06,0.062,0.065,0.068,0.058,0.048,0.054,0.058,0.051,0.035,0.059,0.052,0.044,0.034,0.038,0.04,0.034,0.042,0.032,0.034,0.032,0.086,0.084,0.105,0.109,0.125,0.115,0.126,0.121,0.129,0.134,0.137,0.122,0.123,0.125,0.126,0.116,0.114,0.119,0.117,0.114,0.11,0.11,0.114,0.112,0.116,0.111,0.109,0.11,0.1,0.096,0.094,0.095,0.095,0.091,0.09,0.089,0.081,0.081,0.078,0.075,0.076,0.077,0.077,0.077,0.074,0.077,0.077,0.076,0.076,0.08,0.082,0.082,0.083,0.08,0.075,0.075,0.074,0.074,0.073,0.071,0.068,0.065,0.061,0.06,0.055,0.052,0.053,0.048,0.049,0.047,0.043,0.043,0.042,0.04,0.042,0.038,0.038,0.035,0.032,0.032,0.029,0.024,0.025,0.026,0.024,0.023,0.021,0.02,0.02,0.02,0.018,0.019,0.018,0.018,0.019,0.02,0.018,0.018,0.017,0.016,0.017,0.014,0.014,0.014,0.014,0.015,0.015,0.014,0.015,0.016,0.017,0.016,0.015,0.017,0.018,0.018,0.017,0.018,0.016,0.017,0.017,0.017,0.016,0.016,0.016,0.015,0.014,0.013,0.012,0.012,0.013,0.014,0.014,0.014,0.015,0.013,0.013,0.013,0.012,0.013,0.014,0.014,0.015,0.016,0.016,0.015,0.015,0.015,0.014,0.013,0.013,0.012,0.013,0.014,0.014,0.033,,
0.046,0.061,0.064,0.083,0.115,0.156,0.069,0.06,0.155,0.155,0.045,0.16,0.182,0.215,0.232,0.212,0.167,0.208,0.18,0.157,0.153,0.183,0.206,0.212,0.221,0.231,0.191,0.169,0.203,0.142,0.062,0.14,0.11,0.114,0.111,0.155,0.129,0.124,0.11,0.119,0.115,0.099,0.081,0.093,0.109,0.094,0.069,0.104,0.079,0.057,0.08,0.078,0.067,0.045,0.069,0.061,0.035,0.049,0.033,0.047,0.053,0.054,0.054,0.046,0.036,0.03,0.038,0.04,0.024,0.034,0.029,0.025,0.024,0.038,0.031,0.036,0.037,0.035,0.036,0.04,0.032,0.038,0.028,0.041,0.031,0.039,0.04,0.026,0.036,0.035,0.034,0.03,0.033,0.034,0.034,0.039,0.04,0.04,0.036,0.04,0.032,0.039,0.034,0.062,0.055,0.074,0.058,0.054,0.052,0.064,0.08,0.077,0.062,0.074,0.092,0.089,0.071,0.108,0.099,0.134,0.138,0.168,0.215,0.285,0.313,0.349,0.454,0.758,0.857,0.716,0.415,0.414,0.317,0.219,0.186,0.141,0.124,0.121,0.12,0.108,0.074,0.081,0.071,0.078,0.077,0.063,0.052,0.053,0.06,0.046,0.047,0.037,0.056,0.046,0.038,0.034,0.033,0.035,0.037,0.029,0.035,0.03,0.034,0.03,0.036,0.029,0.03,0.032,0.033,0.03,0.024,0.025,0.025,0.024,0.023,0.02,0.024,0.022,0.021,0.024,0.021,0.021,0.09,0.099,0.098,0.1,0.098,0.091,0.099,0.093,0.083,0.091,0.09,0.087,0.09,0.091,0.091,0.09,0.09,0.084,0.082,0.084,0.082,0.087,0.089,0.09,0.086,0.089,0.096,0.095,0.095,0.097,0.092,0.089,0.084,0.084,0.086,0.082,0.074,0.074,0.072,0.066,0.066,0.062,0.057,0.057,0.056,0.056,0.055,0.05,0.049,0.051,0.048,0.039,0.036,0.036,0.032,0.028,0.027,0.026,0.021,0.019,0.018,0.02,0.02,0.018,0.017,0.016,0.015,0.011,0.013,0.011,0.012,0.009,0.009,0.011,0.009,0.011,0.009,0.009,0.009,0.008,0.008,0.01,0.009,0.009,0.007,0.01,0.009,0.011,0.01,0.008,0.008,0.011,0.012,0.011,0.011,0.012,0.012,0.012,0.012,0.011,0.013,0.013,0.012,0.013,0.012,0.014,0.014,0.015,0.013,0.015,0.015,0.016,0.017,0.016,0.016,0.015,0.017,0.017,0.018,0.016,0.016,0.016,0.015,0.015,0.014,0.014,0.014,0.014,0.013,0.013,0.014,0.013,0.013,0.015,0.013,0.013,0.014,0.015,0.016,0.014,0.014,0.014,0.014,0.014,0.014,0.014,0.025,,
0.141,0.113,0.089,0.161,0.102,0.08,0.054,0.096,0.13,0.142,0.104,0.077,0.068,0.082,0.075,0.055,0.08,0.053,0.111,0.139,0.127,0.135,0.134,0.137,0.161,0.198,0.142,0.194,0.125,0.131,0.095,0.099,0.082,0.055,0.081,0.078,0.075,0.072,0.055,0.071,0.092,0.057,0.051,0.046,0.043,0.071,0.061,0.061,0.059,0.053,0.043,0.042,0.055,0.04,0.029,0.028,0.037,0.028,0.03,0.044,0.032,0.04,0.031,0.031,0.033,0.033,0.036,0.04,0.035,0.035,0.03,0.03,0.023,0.03,0.007,0.033,0.017,0.03,0.024,0.036,0.022,0.026,0.029,0.027,0.024,0.027,0.028,0.035,0.025,0.026,0.035,0.025,0.03,0.022,0.028,0.027,0.038,0.018,0.025,0.032,0.024,0.029,0.033,0.035,0.039,0.033,0.03,0.03,0.028,0.029,0.037,0.034,0.043,0.041,0.042,0.056,0.064,0.052,0.037,0.053,0.038,0.055,0.054,0.061,0.053,0.054,0.055,0.075,0.061,0.098,0.081,0.1,0.081,0.105,0.086,0.142,0.169,0.19,0.249,0.164,0.222,0.616,0.733,0.822,0.653,0.527,0.407,0.283,0.181,0.192,0.143,0.106,0.093,0.104,0.088,0.098,0.111,0.117,0.131,0.119,0.119,0.113,0.115,0.114,0.114,0.11,0.113,0.12,0.119,0.108,0.104,0.101,0.1,0.099,0.103,0.091,0.094,0.089,0.082,0.08,0.077,0.08,0.079,0.08,0.084,0.084,0.079,0.078,0.079,0.077,0.074,0.077,0.071,0.072,0.077,0.076,0.074,0.076,0.072,0.075,0.075,0.075,0.077,0.076,0.072,0.073,0.073,0.077,0.076,0.076,0.071,0.067,0.068,0.068,0.061,0.058,0.055,0.051,0.049,0.048,0.048,0.045,0.043,0.041,0.044,0.047,0.046,0.043,0.04,0.036,0.035,0.032,0.03,0.029,0.027,0.023,0.023,0.025,0.026,0.026,0.027,0.027,0.024,0.024,0.023,0.024,0.022,0.019,0.02,0.019,0.016,0.018,0.017,0.018,0.02,0.02,0.02,0.02,0.018,0.017,0.016,0.014,0.014,0.014,0.013,0.012,0.013,0.011,0.012,0.014,0.013,0.014,0.013,0.014,0.014,0.015,0.015,0.014,0.014,0.012,0.013,0.011,0.012,0.012,0.013,0.014,0.012,0.011,0.011,0.011,0.012,0.013,0.012,0.014,0.013,0.013,0.013,0.013,0.013,0.013,0.014,0.015,0.016,0.016,0.017,0.017,0.017,0.016,0.016,0.016,0.016,0.016,0.015,0.014,0.014,0.014,0.014,0.013,0.013,0.013,0.013,0.013,0.014,0.014,0.015,0.015,0.015,0.014,0.03,,
0.141,0.159,0.05,0.206,0.141,0.095,0.112,0.143,0.173,0.146,0.126,0.136,0.115,0.081,0.112,0.086,0.13,0.16,0.173,0.185,0.211,0.191,0.114,0.139,0.13,0.066,0.083,0.083,0.099,0.115,0.076,0.098,0.087,0.109,0.092,0.067,0.05,0.054,0.078,0.076,0.064,0.058,0.054,0.062,0.055,0.055,0.035,0.055,0.049,0.046,0.047,0.058,0.043,0.061,0.047,0.035,0.023,0.029,0.028,0.047,0.038,0.032,0.042,0.024,0.038,0.026,0.019,0.03,0.036,0.028,0.038,0.033,0.028,0.037,0.04,0.04,0.031,0.029,0.031,0.043,0.038,0.04,0.024,0.043,0.032,0.034,0.029,0.027,0.032,0.034,0.036,0.037,0.031,0.034,0.039,0.035,0.04,0.037,0.042,0.035,0.041,0.04,0.039,0.032,0.043,0.033,0.037,0.052,0.059,0.069,0.074,0.05,0.069,0.056,0.068,0.053,0.078,0.082,0.069,0.065,0.081,0.085,0.079,0.109,0.111,0.084,0.128,0.116,0.172,0.164,0.149,0.204,0.238,0.226,0.428,0.76,0.807,0.654,0.663,0.521,0.38,0.288,0.256,0.175,0.153,0.205,0.205,0.222,0.223,0.218,0.218,0.22,0.219,0.19,0.191,0.185,0.175,0.178,0.176,0.171,0.169,0.172,0.166,0.158,0.159,0.153,0.139,0.132,0.128,0.124,0.121,0.119,0.118,0.114,0.111,0.105,0.106,0.103,0.102,0.098,0.098,0.093,0.094,0.094,0.09,0.086,0.083,0.08,0.075,0.072,0.07,0.069,0.072,0.07,0.069,0.069,0.073,0.07,0.069,0.067,0.064,0.062,0.06,0.058,0.061,0.062,0.063,0.063,0.063,0.059,0.058,0.057,0.055,0.055,0.053,0.054,0.053,0.053,0.051,0.048,0.047,0.047,0.048,0.048,0.046,0.045,0.045,0.044,0.045,0.044,0.042,0.042,0.042,0.041,0.04,0.039,0.037,0.037,0.035,0.035,0.034,0.034,0.032,0.031,0.031,0.032,0.029,0.027,0.025,0.025,0.025,0.025,0.025,0.025,0.023,0.023,0.024,0.024,0.023,0.022,0.021,0.019,0.018,0.017,0.017,0.017,0.016,0.016,0.016,0.017,0.016,0.016,0.016,0.016,0.017,0.016,0.016,0.015,0.015,0.014,0.014,0.013,0.011,0.012,0.014,0.013,0.014,0.013,0.012,0.012,0.012,0.012,0.012,0.012,0.012,0.011,0.012,0.011,0.01,0.009,0.009,0.009,0.009,0.008,0.008,0.008,0.009,0.009,0.009,0.008,0.007,0.006,0.006,0.007,0.007,0.007,0.008,0.007,0.007,0.006,0.006,0.006,0.006,0.006,0.007,0.007,0.008,0.036,,,
0.056,0.061,0.085,0.119,0.15,0.077,0.105,0.137,0.129,0.076,0.112,0.219,0.244,0.224,0.226,0.206,0.201,0.18,0.161,0.178,0.145,0.151,0.139,0.202,0.184,0.149,0.154,0.179,0.172,0.141,0.126,0.144,0.121,0.128,0.122,0.112,0.149,0.105,0.118,0.126,0.101,0.102,0.104,0.085,0.054,0.074,0.073,0.083,0.078,0.085,0.074,0.082,0.062,0.054,0.06,0.055,0.025,0.036,0.046,0.048,0.061,0.043,0.049,0.033,0.048,0.034,0.04,0.034,0.038,0.036,0.021,0.019,0.033,0.034,0.037,0.031,0.036,0.04,0.03,0.033,0.033,0.028,0.043,0.038,0.035,0.033,0.027,0.032,0.033,0.036,0.036,0.039,0.035,0.042,0.044,0.034,0.044,0.034,0.035,0.039,0.031,0.041,0.031,0.06,0.055,0.062,0.053,0.051,0.059,0.051,0.065,0.061,0.07,0.075,0.066,0.074,0.088,0.063,0.101,0.098,0.09,0.123,0.145,0.148,0.223,0.269,0.263,0.323,0.392,0.669,0.857,0.841,0.568,0.467,0.343,0.261,0.211,0.209,0.156,0.132,0.113,0.126,0.121,0.083,0.083,0.088,0.074,0.084,0.071,0.058,0.054,0.061,0.062,0.045,0.045,0.047,0.046,0.042,0.036,0.047,0.128,0.135,0.116,0.123,0.124,0.134,0.126,0.128,0.127,0.137,0.138,0.134,0.138,0.132,0.125,0.117,0.12,0.118,0.119,0.117,0.11,0.106,0.108,0.107,0.101,0.101,0.098,0.096,0.088,0.082,0.083,0.083,0.089,0.088,0.085,0.09,0.089,0.09,0.089,0.091,0.092,0.09,0.089,0.092,0.087,0.087,0.082,0.078,0.079,0.076,0.071,0.071,0.071,0.07,0.063,0.058,0.055,0.053,0.052,0.052,0.046,0.045,0.044,0.044,0.041,0.04,0.038,0.035,0.031,0.032,0.031,0.033,0.033,0.029,0.03,0.03,0.029,0.029,0.028,0.029,0.027,0.025,0.023,0.023,0.021,0.02,0.02,0.017,0.017,0.018,0.017,0.016,0.015,0.015,0.013,0.012,0.011,0.012,0.012,0.012,0.011,0.009,0.008,0.006,0.008,0.008,0.008,0.008,0.008,0.008,0.009,0.009,0.009,0.009,0.009,0.009,0.009,0.008,0.008,0.006,0.006,0.007,0.008,0.009,0.009,0.01,0.01,0.011,0.012,0.012,0.013,0.013,0.013,0.012,0.012,0.013,0.014,0.014,0.014,0.014,0.015,0.014,0.013,0.013,0.013,0.012,0.013,0.013,0.012,0.013,0.013,0.014,0.015,0.015,0.014,0.013,0.013,0.014,0.014,0.014,0.014,0.013,0.013,0.014,0.013,0.013,0.012,0.011,0.032,,
0.076,0.063,0.092,0.034,0.081,0.126,0.136,0.124,0.103,0.11,0.092,0.114,0.088,0.094,0.132,0.121,0.165,0.118,0.07,0.104,0.075,0.053,0.086,0.077,0.041,0.056,0.058,0.085,0.068,0.056,0.065,0.06,0.054,0.058,0.049,0.051,0.042,0.033,0.042,0.023,0.038,0.021,0.027,0.032,0.02,0.054,0.033,0.021,0.026,0.022,0.027,0.034,0.027,0.027,0.028,0.031,0.019,0.017,0.013,0.026,0.021,0.027,0.021,0.022,0.027,0.033,0.021,0.028,0.022,0.026,0.022,0.031,0.028,0.034,0.027,0.024,0.014,0.018,0.022,0.027,0.017,0.022,0.015,0.026,0.025,0.035,0.026,0.021,0.029,0.022,0.018,0.026,0.033,0.03,0.042,0.041,0.054,0.06,0.03,0.03,0.044,0.049,0.039,0.053,0.055,0.049,0.036,0.058,0.041,0.069,0.069,0.047,0.079,0.056,0.135,0.121,0.116,0.149,0.152,0.279,0.523,0.582,0.568,0.358,0.328,0.227,0.179,0.158,0.126,0.09,0.082,0.09,0.083,0.052,0.075,0.062,0.064,0.055,0.047,0.042,0.044,0.146,0.158,0.165,0.164,0.155,0.152,0.147,0.141,0.143,0.147,0.139,0.137,0.13,0.128,0.119,0.104,0.097,0.097,0.091,0.095,0.084,0.081,0.08,0.08,0.082,0.083,0.08,0.073,0.07,0.065,0.06,0.058,0.056,0.057,0.056,0.056,0.056,0.056,0.052,0.051,0.053,0.051,0.052,0.055,0.056,0.056,0.057,0.054,0.047,0.048,0.047,0.045,0.048,0.049,0.052,0.053,0.053,0.05,0.05,0.047,0.046,0.048,0.047,0.041,0.043,0.042,0.045,0.043,0.042,0.041,0.039,0.039,0.037,0.034,0.032,0.032,0.031,0.033,0.03,0.027,0.025,0.025,0.023,0.025,0.027,0.027,0.028,0.028,0.026,0.026,0.023,0.021,0.019,0.022,0.021,0.021,0.02,0.018,0.017,0.017,0.016,0.016,0.015,0.015,0.015,0.013,0.012,0.011,0.01,0.01,0.009,0.009,0.01,0.01,0.01,0.009,0.008,0.009,0.009,0.008,0.008,0.008,0.009,0.012,0.012,0.012,0.009,0.01,0.009,0.008,0.01,0.01,0.008,0.009,0.008,0.007,0.008,0.008,0.008,0.009,0.01,0.013,0.012,0.012,0.011,0.011,0.011,0.013,0.013,0.012,0.012,0.013,0.014,0.016,0.017,0.018,0.018,0.018,0.018,0.016,0.016,0.016,0.014,0.014,0.015,0.015,0.015,0.015,0.015,0.015,0.017,0.016,0.015,0.014,0.015,0.014,0.014,0.013,0.013,0.013,0.013,0.012,0.011,0.012,0.011,0.027,,,,
0.109,0.125,0.156,0.168,0.143,0.066,0.195,0.098,0.08,0.111,0.132,0.157,0.128,0.158,0.134,0.107,0.089,0.123,0.128,0.154,0.165,0.18,0.233,0.157,0.158,0.128,0.142,0.119,0.087,0.078,0.11,0.093,0.078,0.087,0.092,0.093,0.053,0.065,0.07,0.069,0.084,0.06,0.07,0.07,0.057,0.056,0.04,0.057,0.026,0.027,0.037,0.046,0.033,0.038,0.048,0.057,0.049,0.034,0.031,0.036,0.035,0.031,0.039,0.043,0.04,0.022,0.034,0.033,0.018,0.031,0.027,0.026,0.033,0.034,0.027,0.032,0.036,0.032,0.031,0.033,0.03,0.042,0.037,0.036,0.025,0.043,0.035,0.033,0.028,0.034,0.03,0.047,0.03,0.029,0.036,0.029,0.049,0.039,0.039,0.046,0.038,0.04,0.04,0.038,0.038,0.037,0.046,0.048,0.062,0.06,0.057,0.075,0.068,0.059,0.058,0.064,0.065,0.068,0.073,0.066,0.065,0.083,0.089,0.065,0.125,0.089,0.086,0.113,0.158,0.138,0.187,0.172,0.276,0.321,0.264,0.635,0.767,0.824,0.742,0.523,0.448,0.362,0.265,0.254,0.156,0.167,0.13,0.119,0.163,0.16,0.184,0.203,0.227,0.229,0.228,0.221,0.228,0.219,0.21,0.2,0.181,0.178,0.176,0.174,0.176,0.177,0.173,0.168,0.159,0.153,0.148,0.14,0.13,0.123,0.122,0.122,0.114,0.112,0.117,0.11,0.105,0.101,0.102,0.101,0.099,0.096,0.094,0.089,0.093,0.089,0.087,0.085,0.082,0.08,0.073,0.07,0.073,0.074,0.07,0.073,0.072,0.072,0.067,0.067,0.066,0.064,0.065,0.063,0.059,0.059,0.06,0.061,0.061,0.06,0.06,0.057,0.055,0.052,0.054,0.053,0.051,0.05,0.05,0.05,0.047,0.044,0.048,0.046,0.044,0.045,0.045,0.044,0.044,0.045,0.043,0.043,0.043,0.042,0.04,0.037,0.035,0.035,0.034,0.034,0.033,0.033,0.031,0.03,0.029,0.029,0.028,0.025,0.025,0.026,0.024,0.025,0.023,0.022,0.022,0.021,0.019,0.021,0.021,0.022,0.021,0.019,0.017,0.016,0.016,0.015,0.015,0.015,0.015,0.016,0.016,0.017,0.016,0.014,0.014,0.014,0.014,0.015,0.015,0.014,0.014,0.012,0.013,0.011,0.012,0.012,0.013,0.012,0.013,0.013,0.013,0.013,0.013,0.012,0.012,0.011,0.011,0.01,0.01,0.01,0.011,0.01,0.01,0.01,0.01,0.01,0.011,0.01,0.01,0.009,0.009,0.009,0.007,0.008,0.008,0.007,0.007,0.007,0.008,0.009,0.009,0.008,0.008,0.009,0.037,,
0.126,0.101,0.064,0.139,0.121,0.169,0.173,0.201,0.218,0.181,0.189,0.139,0.136,0.144,0.183,0.165,0.155,0.134,0.176,0.12,0.121,0.108,0.11,0.132,0.129,0.122,0.108,0.121,0.054,0.083,0.082,0.095,0.084,0.08,0.097,0.104,0.088,0.068,0.046,0.061,0.066,0.05,0.063,0.044,0.033,0.046,0.071,0.041,0.042,0.051,0.053,0.049,0.051,0.031,0.038,0.049,0.046,0.045,0.048,0.034,0.039,0.027,0.027,0.035,0.034,0.033,0.039,0.037,0.032,0.045,0.038,0.041,0.039,0.043,0.04,0.038,0.043,0.042,0.039,0.038,0.036,0.034,0.041,0.032,0.038,0.047,0.045,0.044,0.045,0.046,0.042,0.046,0.045,0.04,0.044,0.052,0.038,0.055,0.082,0.048,0.062,0.077,0.062,0.088,0.073,0.073,0.082,0.096,0.083,0.099,0.088,0.12,0.12,0.102,0.083,0.102,0.161,0.149,0.234,0.281,0.251,0.22,0.394,0.424,0.421,0.411,0.309,0.232,0.186,0.167,0.13,0.11,0.109,0.11,0.065,0.077,0.075,0.079,0.074,0.058,0.061,0.054,0.041,0.048,0.044,0.044,0.04,0.034,0.037,0.031,0.035,0.036,0.03,0.026,0.025,0.025,0.029,0.039,0.052,0.069,0.074,0.081,0.083,0.097,0.1,0.101,0.102,0.123,0.126,0.141,0.136,0.134,0.138,0.132,0.143,0.152,0.162,0.163,0.149,0.152,0.144,0.152,0.145,0.128,0.126,0.116,0.117,0.115,0.11,0.111,0.112,0.119,0.11,0.109,0.105,0.107,0.095,0.094,0.089,0.095,0.094,0.095,0.095,0.098,0.103,0.103,0.104,0.102,0.102,0.097,0.092,0.091,0.09,0.092,0.092,0.087,0.083,0.08,0.074,0.073,0.072,0.069,0.064,0.061,0.062,0.06,0.063,0.058,0.052,0.051,0.051,0.05,0.049,0.045,0.045,0.043,0.038,0.035,0.035,0.03,0.029,0.028,0.026,0.024,0.022,0.02,0.02,0.021,0.022,0.02,0.017,0.02,0.019,0.016,0.012,0.012,0.014,0.01,0.009,0.008,0.01,0.01,0.008,0.009,0.01,0.008,0.011,0.009,0.008,0.006,0.005,0.004,0.004,0.003,0.002,0.003,0.003,0.005,0.005,0.005,0.004,0.005,0.005,0.005,0.006,0.005,0.004,0.003,0.002,0.002,0.001,0.001,0.001,0.002,0.002,0.002,0.0,0.001,0.001,0.001,0.0,0.001,0.002,0.002,0.002,0.003,0.003,0.002,0.001,0.002,0.001,0.002,0.001,0.001,0.002,0.002,0.003,0.002,0.001,0.002,0.002,0.002,0.001,0.0,0.03,,,,,,
0.079,0.133,0.127,0.141,0.114,0.147,0.142,0.127,0.132,0.136,0.134,0.069,0.119,0.133,0.139,0.088,0.128,0.158,0.145,0.161,0.141,0.152,0.145,0.092,0.108,0.094,0.108,0.111,0.106,0.118,0.108,0.101,0.1,0.083,0.069,0.09,0.096,0.106,0.089,0.102,0.08,0.065,0.066,0.071,0.07,0.066,0.067,0.054,0.041,0.041,0.055,0.05,0.06,0.057,0.056,0.057,0.051,0.039,0.051,0.045,0.04,0.043,0.04,0.037,0.051,0.03,0.029,0.033,0.024,0.047,0.023,0.038,0.044,0.032,0.044,0.035,0.031,0.035,0.047,0.051,0.043,0.039,0.041,0.037,0.037,0.048,0.029,0.04,0.037,0.038,0.042,0.041,0.045,0.039,0.044,0.042,0.029,0.035,0.037,0.045,0.038,0.056,0.052,0.074,0.055,0.077,0.103,0.087,0.077,0.089,0.098,0.087,0.099,0.079,0.09,0.08,0.086,0.107,0.113,0.099,0.145,0.219,0.254,0.15,0.203,0.333,0.244,0.383,0.401,0.438,0.25,0.23,0.18,0.131,0.111,0.102,0.12,0.069,0.084,0.082,0.069,0.069,0.06,0.051,0.039,0.05,0.042,0.045,0.038,0.037,0.036,0.031,0.028,0.029,0.043,0.052,0.071,0.088,0.131,0.132,0.115,0.139,0.14,0.134,0.141,0.139,0.155,0.144,0.152,0.133,0.127,0.111,0.106,0.104,0.096,0.092,0.08,0.079,0.081,0.086,0.083,0.081,0.083,0.081,0.085,0.084,0.079,0.082,0.081,0.081,0.076,0.072,0.07,0.064,0.061,0.062,0.062,0.061,0.056,0.055,0.058,0.057,0.057,0.052,0.053,0.051,0.045,0.043,0.036,0.036,0.033,0.028,0.027,0.026,0.024,0.019,0.017,0.019,0.018,0.018,0.016,0.017,0.016,0.016,0.014,0.014,0.012,0.012,0.009,0.006,0.006,0.006,0.006,0.006,0.003,0.005,0.006,0.004,0.002,0.003,0.003,0.003,0.0,0.002,0.004,0.002,0.001,0.002,0.003,0.003,0.005,0.005,0.008,0.01,0.011,0.012,0.013,0.015,0.015,0.015,0.014,0.014,0.013,0.013,0.013,0.013,0.012,0.011,0.011,0.01,0.011,0.012,0.011,0.012,0.013,0.013,0.013,0.012,0.011,0.012,0.012,0.011,0.011,0.01,0.012,0.012,0.013,0.012,0.012,0.012,0.012,0.011,0.012,0.013,0.012,0.012,0.011,0.01,0.012,0.012,0.012,0.013,0.015,0.016,0.016,0.017,0.017,0.017,0.017,0.018,0.018,0.018,0.017,0.016,0.017,0.018,0.017,0.018,0.018,0.018,0.018,0.018,0.018,0.017,0.018,0.017,0.011,,,,
0.059,0.063,0.062,0.085,0.131,0.153,0.21,0.142,0.118,0.204,0.164,0.163,0.147,0.088,0.152,0.15,0.107,0.111,0.06,0.094,0.116,0.124,0.072,0.121,0.112,0.142,0.093,0.15,0.122,0.123,0.075,0.072,0.119,0.106,0.118,0.083,0.071,0.082,0.116,0.121,0.1,0.098,0.105,0.065,0.09,0.074,0.087,0.074,0.083,0.086,0.089,0.087,0.045,0.075,0.073,0.068,0.058,0.052,0.06,0.066,0.069,0.072,0.076,0.065,0.053,0.045,0.046,0.054,0.047,0.055,0.057,0.054,0.046,0.041,0.049,0.041,0.05,0.061,0.047,0.037,0.046,0.04,0.032,0.046,0.043,0.038,0.045,0.031,0.038,0.041,0.054,0.051,0.039,0.051,0.049,0.03,0.053,0.032,0.038,0.042,0.043,0.057,0.047,0.041,0.039,0.049,0.034,0.054,0.054,0.047,0.04,0.035,0.051,0.045,0.051,0.051,0.049,0.051,0.066,0.055,0.046,0.073,0.059,0.051,0.044,0.069,0.077,0.06,0.071,0.065,0.074,0.051,0.076,0.058,0.058,0.072,0.086,0.089,0.086,0.063,0.03,0.08,0.053,0.052,0.099,0.507,0.446,0.287,0.224,0.244,0.194,0.143,0.163,0.134,0.117,0.126,0.098,0.085,0.108,0.083,0.084,0.073,0.069,0.079,0.081,0.063,0.053,0.061,0.056,0.043,0.051,0.039,0.055,0.049,0.041,0.041,0.038,0.036,0.037,0.036,0.033,0.027,0.033,0.033,0.033,0.031,0.031,0.022,0.025,0.03,0.027,0.029,0.029,0.029,0.021,0.024,0.021,0.027,0.028,0.02,0.02,0.022,0.02,0.019,0.02,0.019,0.017,0.019,0.02,0.016,0.015,0.017,0.019,0.014,0.016,0.016,0.016,0.015,0.015,0.014,0.012,0.013,0.014,0.013,0.014,0.015,0.014,0.033,0.034,0.033,0.034,0.032,0.033,0.027,0.024,0.021,0.024,0.024,0.024,0.018,0.016,0.014,0.013,0.013,0.013,0.01,0.011,0.012,0.014,0.013,0.012,0.01,0.013,0.015,0.014,0.018,0.021,0.022,0.022,0.023,0.024,0.025,0.024,0.022,0.02,0.02,0.022,0.022,0.022,0.023,0.025,0.024,0.023,0.023,0.023,0.022,0.023,0.023,0.024,0.022,0.021,0.021,0.02,0.019,0.017,0.018,0.019,0.019,0.016,0.017,0.015,0.016,0.014,0.012,0.011,0.011,0.012,0.012,0.013,0.012,0.013,0.013,0.013,0.014,0.013,0.012,0.012,0.012,0.013,0.013,0.012,0.013,0.013,0.013,0.012,0.011,0.01,0.011,0.009,0.01,0.008,0.009,0.008,0.008,0.006,0.005,0.005,0.019,,,
0.058,0.062,0.06,0.064,0.09,0.125,0.139,0.195,0.115,0.116,0.117,0.125,0.162,0.177,0.182,0.211,0.265,0.211,0.194,0.16,0.148,0.157,0.153,0.137,0.186,0.138,0.136,0.1,0.124,0.123,0.129,0.096,0.103,0.107,0.117,0.092,0.068,0.081,0.069,0.062,0.085,0.096,0.099,0.094,0.094,0.087,0.082,0.067,0.061,0.065,0.056,0.057,0.061,0.069,0.059,0.054,0.052,0.061,0.051,0.059,0.056,0.063,0.053,0.045,0.038,0.033,0.044,0.053,0.048,0.046,0.033,0.054,0.036,0.027,0.029,0.038,0.033,0.036,0.032,0.044,0.04,0.044,0.038,0.033,0.042,0.041,0.037,0.05,0.054,0.051,0.057,0.046,0.042,0.037,0.043,0.038,0.036,0.033,0.039,0.038,0.041,0.036,0.042,0.036,0.051,0.045,0.039,0.051,0.032,0.05,0.058,0.048,0.078,0.078,0.053,0.08,0.077,0.08,0.055,0.064,0.071,0.084,0.096,0.104,0.086,0.092,0.091,0.103,0.075,0.116,0.095,0.123,0.154,0.196,0.175,0.233,0.247,0.331,0.344,0.427,0.474,0.463,0.335,0.42,0.253,0.225,0.187,0.147,0.127,0.113,0.11,0.115,0.076,0.09,0.075,0.082,0.073,0.071,0.058,0.057,0.052,0.047,0.056,0.052,0.04,0.041,0.038,0.038,0.029,0.034,0.032,0.032,0.023,0.027,0.025,0.02,0.033,0.032,0.042,0.042,0.059,0.066,0.083,0.092,0.085,0.091,0.085,0.086,0.1,0.099,0.107,0.112,0.118,0.113,0.108,0.104,0.1,0.098,0.105,0.124,0.118,0.109,0.118,0.114,0.115,0.115,0.115,0.107,0.105,0.108,0.104,0.11,0.114,0.112,0.114,0.103,0.106,0.104,0.103,0.107,0.105,0.106,0.112,0.111,0.106,0.111,0.107,0.105,0.106,0.106,0.104,0.095,0.087,0.087,0.082,0.081,0.073,0.069,0.074,0.072,0.071,0.068,0.068,0.066,0.061,0.059,0.057,0.056,0.051,0.047,0.045,0.049,0.046,0.045,0.045,0.042,0.04,0.038,0.034,0.033,0.026,0.025,0.023,0.024,0.021,0.018,0.017,0.015,0.015,0.016,0.016,0.018,0.016,0.016,0.016,0.014,0.013,0.014,0.014,0.016,0.018,0.016,0.018,0.017,0.017,0.017,0.022,0.023,0.023,0.023,0.023,0.024,0.023,0.023,0.024,0.026,0.025,0.025,0.026,0.024,0.024,0.023,0.022,0.022,0.023,0.024,0.023,0.025,0.024,0.027,0.027,0.027,0.027,0.027,0.027,0.029,0.028,0.028,0.027,0.027,0.026,0.025,0.025,0.023,0.022,0.021,0.04,,,,
0.059,0.056,0.054,0.063,0.07,0.105,0.224,0.199,0.186,0.168,0.118,0.143,0.185,0.17,0.2,0.127,0.124,0.14,0.122,0.126,0.139,0.092,0.084,0.103,0.113,0.106,0.074,0.098,0.113,0.146,0.094,0.082,0.08,0.121,0.102,0.072,0.073,0.07,0.061,0.075,0.084,0.072,0.078,0.066,0.071,0.061,0.077,0.065,0.049,0.06,0.063,0.052,0.045,0.045,0.036,0.057,0.037,0.048,0.055,0.051,0.047,0.049,0.033,0.047,0.028,0.061,0.045,0.036,0.044,0.033,0.039,0.027,0.043,0.04,0.046,0.043,0.043,0.039,0.033,0.028,0.04,0.036,0.032,0.047,0.046,0.044,0.046,0.038,0.047,0.04,0.045,0.044,0.054,0.047,0.035,0.049,0.042,0.055,0.051,0.04,0.064,0.076,0.04,0.063,0.048,0.034,0.052,0.067,0.082,0.065,0.055,0.059,0.068,0.064,0.064,0.069,0.076,0.083,0.094,0.078,0.057,0.106,0.087,0.107,0.124,0.177,0.609,0.656,0.39,0.275,0.245,0.09,0.144,0.127,0.134,0.122,0.116,0.081,0.096,0.1,0.08,0.083,0.063,0.078,0.073,0.066,0.061,0.057,0.064,0.042,0.053,0.052,0.038,0.042,0.045,0.049,0.039,0.033,0.033,0.031,0.034,0.037,0.03,0.026,0.036,0.027,0.028,0.031,0.027,0.029,0.03,0.023,0.033,0.027,0.028,0.025,0.024,0.021,0.023,0.019,0.025,0.024,0.023,0.017,0.018,0.019,0.021,0.017,0.017,0.017,0.016,0.017,0.017,0.018,0.016,0.017,0.015,0.016,0.017,0.013,0.012,0.018,0.014,0.014,0.015,0.017,0.013,0.015,0.01,0.016,0.014,0.012,0.014,0.012,0.015,0.014,0.013,0.013,0.012,0.013,0.012,0.014,0.011,0.011,0.018,0.054,0.052,0.052,0.049,0.047,0.046,0.048,0.047,0.052,0.049,0.043,0.044,0.044,0.043,0.045,0.041,0.038,0.039,0.04,0.039,0.032,0.034,0.034,0.03,0.024,0.019,0.019,0.021,0.02,0.017,0.017,0.017,0.016,0.015,0.017,0.013,0.009,0.004,0.005,0.008,0.011,0.01,0.013,0.015,0.013,0.013,0.015,0.017,0.017,0.02,0.022,0.021,0.023,0.024,0.026,0.024,0.022,0.022,0.022,0.023,0.02,0.019,0.02,0.018,0.021,0.023,0.023,0.023,0.025,0.024,0.023,0.023,0.023,0.024,0.023,0.023,0.021,0.019,0.02,0.018,0.017,0.016,0.016,0.014,0.016,0.015,0.014,0.012,0.013,0.013,0.013,0.012,0.013,0.012,0.013,0.014,0.015,0.014,0.013,0.012,0.011,0.021,,,,
0.09,0.124,0.023,0.093,0.131,0.136,0.147,0.179,0.168,0.179,0.223,0.22,0.218,0.18,0.197,0.16,0.125,0.141,0.146,0.114,0.121,0.139,0.132,0.103,0.132,0.118,0.159,0.179,0.18,0.18,0.143,0.158,0.131,0.118,0.101,0.107,0.127,0.083,0.061,0.1,0.075,0.097,0.08,0.082,0.082,0.061,0.064,0.041,0.05,0.063,0.044,0.049,0.045,0.061,0.037,0.036,0.054,0.027,0.035,0.035,0.032,0.05,0.04,0.031,0.037,0.047,0.04,0.038,0.042,0.031,0.042,0.036,0.04,0.035,0.031,0.042,0.041,0.036,0.04,0.034,0.046,0.046,0.068,0.077,0.073,0.052,0.066,0.078,0.08,0.062,0.075,0.089,0.087,0.093,0.114,0.132,0.143,0.153,0.197,0.305,0.293,0.443,0.607,0.821,0.859,0.662,0.443,0.372,0.216,0.165,0.182,0.137,0.102,0.144,0.117,0.078,0.076,0.086,0.083,0.072,0.061,0.038,0.061,0.054,0.047,0.049,0.055,0.057,0.046,0.041,0.036,0.053,0.041,0.036,0.034,0.037,0.034,0.039,0.041,0.032,0.037,0.041,0.037,0.036,0.03,0.03,0.031,0.032,0.026,0.032,0.03,0.026,0.028,0.029,0.028,0.025,0.027,0.03,0.042,0.043,0.058,0.07,0.082,0.103,0.141,0.139,0.186,0.197,0.183,0.166,0.166,0.178,0.17,0.165,0.168,0.165,0.173,0.166,0.163,0.151,0.147,0.135,0.128,0.117,0.113,0.096,0.084,0.087,0.088,0.084,0.083,0.083,0.082,0.084,0.085,0.087,0.087,0.084,0.085,0.076,0.074,0.071,0.07,0.07,0.07,0.069,0.07,0.067,0.07,0.067,0.066,0.06,0.058,0.055,0.051,0.048,0.047,0.044,0.04,0.04,0.039,0.035,0.033,0.032,0.031,0.026,0.026,0.023,0.022,0.021,0.022,0.023,0.022,0.022,0.019,0.019,0.017,0.016,0.016,0.011,0.011,0.011,0.01,0.009,0.01,0.009,0.01,0.009,0.006,0.005,0.005,0.005,0.003,0.003,0.002,0.003,0.003,0.002,0.002,0.002,0.003,0.002,0.002,0.003,0.006,0.008,0.009,0.011,0.01,0.01,0.01,0.013,0.012,0.013,0.013,0.012,0.011,0.012,0.012,0.013,0.011,0.01,0.01,0.012,0.011,0.011,0.012,0.011,0.012,0.012,0.012,0.011,0.013,0.012,0.012,0.013,0.013,0.013,0.013,0.013,0.012,0.012,0.011,0.011,0.012,0.01,0.01,0.01,0.01,0.009,0.01,0.009,0.009,0.01,0.009,0.009,0.009,0.009,0.01,0.011,0.012,0.012,0.011,0.012,0.019,,,,,,
0.07,0.045,0.09,0.112,0.169,0.132,0.156,0.137,0.135,0.18,0.19,0.206,0.188,0.203,0.225,0.21,0.209,0.187,0.149,0.141,0.148,0.118,0.111,0.109,0.085,0.109,0.125,0.148,0.156,0.166,0.135,0.15,0.068,0.098,0.11,0.103,0.084,0.078,0.081,0.076,0.082,0.082,0.089,0.06,0.073,0.054,0.041,0.044,0.05,0.04,0.043,0.052,0.04,0.042,0.038,0.027,0.033,0.036,0.031,0.053,0.03,0.025,0.033,0.049,0.041,0.041,0.031,0.032,0.037,0.034,0.039,0.033,0.029,0.041,0.047,0.056,0.038,0.033,0.037,0.039,0.055,0.07,0.065,0.048,0.052,0.069,0.071,0.074,0.064,0.081,0.073,0.095,0.106,0.099,0.125,0.13,0.165,0.225,0.26,0.281,0.555,0.734,0.846,0.714,0.46,0.406,0.263,0.217,0.172,0.141,0.105,0.097,0.102,0.083,0.081,0.067,0.056,0.065,0.065,0.058,0.046,0.06,0.047,0.042,0.035,0.046,0.039,0.04,0.038,0.031,0.034,0.039,0.031,0.034,0.032,0.024,0.029,0.036,0.029,0.027,0.034,0.033,0.031,0.024,0.029,0.027,0.024,0.024,0.026,0.026,0.026,0.022,0.02,0.021,0.022,0.024,0.023,0.019,0.022,0.021,0.018,0.02,0.017,0.019,0.022,0.021,0.021,0.021,0.024,0.019,0.02,0.022,0.022,0.033,0.038,0.054,0.066,0.066,0.078,0.113,0.116,0.116,0.122,0.123,0.109,0.101,0.097,0.1,0.094,0.1,0.099,0.099,0.1,0.108,0.112,0.108,0.107,0.106,0.104,0.099,0.107,0.105,0.108,0.106,0.104,0.107,0.104,0.1,0.104,0.105,0.111,0.11,0.114,0.111,0.106,0.105,0.098,0.092,0.089,0.087,0.085,0.083,0.077,0.073,0.07,0.068,0.066,0.065,0.064,0.062,0.058,0.06,0.058,0.052,0.053,0.048,0.047,0.049,0.051,0.043,0.041,0.038,0.038,0.036,0.032,0.028,0.029,0.025,0.021,0.016,0.017,0.019,0.014,0.012,0.012,0.01,0.009,0.009,0.008,0.009,0.01,0.011,0.012,0.011,0.009,0.008,0.008,0.006,0.007,0.006,0.006,0.005,0.005,0.007,0.006,0.006,0.005,0.004,0.005,0.005,0.004,0.003,0.005,0.006,0.006,0.005,0.006,0.006,0.006,0.005,0.006,0.006,0.007,0.006,0.006,0.006,0.006,0.005,0.006,0.004,0.005,0.004,0.005,0.004,0.004,0.004,0.004,0.004,0.005,0.005,0.004,0.005,0.005,0.005,0.006,0.007,0.006,0.007,0.008,0.009,0.009,0.009,0.009,0.008,0.029,,,,,,
0.102,0.078,0.142,0.158,0.187,0.176,0.18,0.221,0.217,0.202,0.183,0.176,0.141,0.119,0.161,0.159,0.167,0.154,0.129,0.088,0.139,0.094,0.071,0.124,0.072,0.101,0.088,0.098,0.06,0.069,0.061,0.071,0.074,0.076,0.07,0.078,0.079,0.081,0.092,0.079,0.085,0.08,0.064,0.072,0.062,0.047,0.05,0.071,0.04,0.04,0.061,0.064,0.079,0.039,0.055,0.05,0.053,0.051,0.044,0.056,0.047,0.038,0.047,0.042,0.041,0.04,0.026,0.039,0.027,0.018,0.033,0.022,0.038,0.04,0.029,0.053,0.049,0.042,0.036,0.051,0.043,0.047,0.044,0.043,0.037,0.042,0.039,0.046,0.036,0.035,0.037,0.042,0.033,0.04,0.042,0.046,0.034,0.035,0.049,0.033,0.048,0.038,0.038,0.048,0.054,0.058,0.063,0.07,0.066,0.068,0.072,0.078,0.067,0.096,0.08,0.085,0.093,0.058,0.049,0.113,0.119,0.075,0.11,0.113,0.101,0.146,0.161,0.185,0.186,0.119,0.251,0.245,0.147,0.174,0.216,0.438,0.365,0.384,0.22,0.192,0.142,0.13,0.128,0.1,0.103,0.091,0.066,0.074,0.076,0.065,0.066,0.069,0.049,0.052,0.035,0.038,0.041,0.035,0.035,0.037,0.03,0.03,0.033,0.03,0.03,0.025,0.024,0.024,0.017,0.071,0.093,0.102,0.102,0.106,0.106,0.1,0.091,0.105,0.098,0.09,0.088,0.096,0.096,0.096,0.101,0.104,0.097,0.101,0.101,0.101,0.096,0.1,0.106,0.11,0.105,0.109,0.108,0.108,0.107,0.103,0.103,0.1,0.098,0.103,0.103,0.103,0.101,0.096,0.091,0.09,0.088,0.087,0.084,0.08,0.077,0.073,0.069,0.068,0.069,0.065,0.067,0.063,0.055,0.059,0.053,0.052,0.048,0.047,0.047,0.044,0.039,0.036,0.034,0.032,0.031,0.028,0.026,0.021,0.016,0.016,0.012,0.01,0.009,0.009,0.007,0.005,0.006,0.009,0.008,0.008,0.008,0.009,0.009,0.008,0.01,0.009,0.008,0.009,0.007,0.007,0.006,0.006,0.005,0.006,0.008,0.008,0.009,0.011,0.011,0.01,0.01,0.01,0.01,0.009,0.007,0.007,0.006,0.005,0.004,0.004,0.005,0.004,0.004,0.003,0.003,0.004,0.004,0.005,0.004,0.002,0.003,0.003,0.004,0.005,0.006,0.006,0.005,0.006,0.006,0.005,0.004,0.004,0.005,0.006,0.006,0.004,0.005,0.004,0.004,0.005,0.005,0.005,0.005,0.006,0.006,0.006,0.005,0.006,0.006,0.006,0.006,0.008,0.008,0.009,0.023,,,,,,
0.047,0.048,0.048,0.056,0.065,0.089,0.121,0.15,0.239,0.118,0.112,0.059,0.164,0.109,0.103,0.193,0.239,0.191,0.234,0.198,0.146,0.143,0.135,0.147,0.148,0.124,0.154,0.156,0.158,0.169,0.179,0.127,0.16,0.143,0.128,0.103,0.129,0.073,0.1,0.096,0.089,0.08,0.11,0.088,0.062,0.091,0.072,0.089,0.072,0.072,0.054,0.069,0.061,0.055,0.041,0.037,0.038,0.044,0.042,0.055,0.047,0.033,0.042,0.046,0.035,0.033,0.032,0.026,0.036,0.038,0.012,0.04,0.026,0.027,0.034,0.031,0.035,0.027,0.032,0.034,0.035,0.042,0.03,0.036,0.037,0.032,0.035,0.032,0.035,0.033,0.039,0.031,0.024,0.042,0.035,0.036,0.036,0.035,0.033,0.04,0.022,0.046,0.051,0.05,0.061,0.045,0.05,0.066,0.054,0.065,0.057,0.066,0.06,0.068,0.078,0.1,0.095,0.082,0.116,0.106,0.146,0.196,0.253,0.24,0.347,0.466,0.835,0.889,0.723,0.445,0.384,0.254,0.237,0.178,0.149,0.102,0.092,0.114,0.092,0.068,0.074,0.064,0.067,0.069,0.066,0.049,0.044,0.056,0.042,0.042,0.045,0.047,0.042,0.036,0.034,0.03,0.038,0.041,0.029,0.029,0.031,0.031,0.03,0.029,0.03,0.027,0.03,0.031,0.03,0.025,0.025,0.024,0.024,0.021,0.024,0.024,0.02,0.019,0.097,0.098,0.095,0.078,0.074,0.084,0.09,0.09,0.09,0.089,0.09,0.091,0.104,0.103,0.097,0.089,0.087,0.086,0.077,0.085,0.087,0.085,0.087,0.086,0.087,0.079,0.082,0.082,0.085,0.083,0.095,0.094,0.091,0.087,0.082,0.079,0.073,0.07,0.067,0.067,0.073,0.064,0.06,0.054,0.057,0.05,0.051,0.049,0.048,0.047,0.046,0.044,0.041,0.039,0.037,0.033,0.03,0.029,0.026,0.022,0.018,0.019,0.02,0.019,0.018,0.017,0.017,0.013,0.013,0.008,0.01,0.012,0.012,0.013,0.015,0.014,0.012,0.012,0.012,0.009,0.01,0.009,0.011,0.012,0.011,0.01,0.011,0.013,0.013,0.013,0.012,0.013,0.012,0.012,0.014,0.014,0.013,0.014,0.014,0.013,0.014,0.016,0.016,0.016,0.016,0.015,0.016,0.017,0.017,0.018,0.018,0.018,0.016,0.016,0.017,0.017,0.016,0.015,0.016,0.016,0.015,0.017,0.017,0.017,0.016,0.015,0.015,0.015,0.016,0.015,0.015,0.015,0.014,0.014,0.013,0.014,0.014,0.013,0.012,0.012,0.012,0.01,0.01,0.011,0.011,0.012,0.011,0.011,0.012,0.011,0.011,0.01,0.025
0.034,0.04,0.046,0.054,0.06,0.083,0.104,0.117,0.147,0.16,0.164,0.124,0.077,0.165,0.091,0.092,0.149,0.165,0.147,0.153,0.115,0.116,0.107,0.104,0.076,0.102,0.105,0.13,0.099,0.168,0.191,0.153,0.162,0.188,0.137,0.173,0.15,0.161,0.128,0.141,0.136,0.09,0.09,0.065,0.089,0.104,0.069,0.088,0.083,0.106,0.081,0.071,0.075,0.064,0.092,0.063,0.059,0.056,0.032,0.055,0.054,0.045,0.037,0.056,0.042,0.038,0.04,0.062,0.024,0.026,0.025,0.032,0.045,0.043,0.029,0.035,0.029,0.026,0.034,0.015,0.036,0.02,0.029,0.031,0.027,0.036,0.029,0.025,0.026,0.026,0.039,0.038,0.038,0.033,0.03,0.02,0.03,0.032,0.039,0.032,0.037,0.03,0.027,0.042,0.037,0.037,0.035,0.035,0.039,0.032,0.036,0.026,0.053,0.054,0.049,0.066,0.062,0.052,0.054,0.059,0.071,0.063,0.069,0.063,0.073,0.083,0.097,0.095,0.117,0.111,0.121,0.157,0.21,0.248,0.28,0.303,0.395,0.761,0.893,0.896,0.628,0.458,0.363,0.205,0.181,0.157,0.154,0.119,0.098,0.097,0.097,0.083,0.081,0.061,0.067,0.07,0.065,0.041,0.059,0.057,0.047,0.046,0.055,0.051,0.041,0.045,0.04,0.042,0.037,0.197,0.198,0.19,0.195,0.19,0.198,0.181,0.184,0.181,0.176,0.16,0.161,0.151,0.157,0.147,0.131,0.113,0.104,0.105,0.102,0.102,0.101,0.101,0.103,0.102,0.1,0.093,0.093,0.085,0.088,0.082,0.081,0.084,0.085,0.079,0.083,0.081,0.076,0.07,0.066,0.064,0.064,0.067,0.066,0.062,0.063,0.062,0.056,0.054,0.055,0.056,0.057,0.057,0.057,0.055,0.055,0.054,0.053,0.052,0.05,0.047,0.046,0.047,0.046,0.043,0.042,0.04,0.04,0.039,0.038,0.036,0.037,0.039,0.037,0.035,0.035,0.033,0.033,0.032,0.031,0.032,0.03,0.03,0.028,0.029,0.026,0.027,0.026,0.024,0.024,0.023,0.022,0.02,0.02,0.019,0.017,0.015,0.013,0.013,0.013,0.013,0.014,0.013,0.013,0.012,0.011,0.012,0.012,0.011,0.009,0.009,0.01,0.009,0.009,0.01,0.01,0.009,0.009,0.008,0.008,0.009,0.008,0.008,0.009,0.008,0.009,0.009,0.009,0.011,0.011,0.011,0.012,0.01,0.01,0.009,0.01,0.01,0.011,0.01,0.01,0.009,0.008,0.008,0.008,0.007,0.007,0.006,0.005,0.003,0.004,0.003,0.004,0.004,0.004,0.005,0.005,0.006,0.005,0.006,0.006,0.031,
0.048,0.055,0.064,0.092,0.114,0.147,0.176,0.096,0.05,0.105,0.181,0.088,0.121,0.201,0.188,0.152,0.177,0.148,0.174,0.129,0.121,0.116,0.094,0.168,0.139,0.167,0.14,0.163,0.164,0.165,0.096,0.12,0.187,0.153,0.136,0.165,0.108,0.099,0.102,0.078,0.072,0.116,0.08,0.099,0.105,0.105,0.07,0.097,0.079,0.079,0.079,0.055,0.062,0.057,0.054,0.061,0.053,0.041,0.056,0.037,0.035,0.041,0.049,0.042,0.034,0.041,0.028,0.048,0.04,0.037,0.035,0.031,0.039,0.03,0.014,0.04,0.028,0.036,0.032,0.037,0.038,0.033,0.03,0.03,0.031,0.038,0.043,0.038,0.031,0.04,0.031,0.033,0.037,0.039,0.03,0.039,0.036,0.036,0.04,0.035,0.046,0.035,0.037,0.035,0.04,0.027,0.051,0.053,0.047,0.063,0.048,0.059,0.063,0.068,0.063,0.062,0.071,0.075,0.084,0.087,0.078,0.105,0.094,0.118,0.125,0.132,0.174,0.217,0.255,0.334,0.362,0.621,0.884,0.875,0.616,0.411,0.352,0.21,0.218,0.181,0.154,0.129,0.105,0.114,0.103,0.086,0.077,0.074,0.074,0.064,0.07,0.05,0.047,0.057,0.048,0.05,0.043,0.051,0.047,0.037,0.034,0.032,0.036,0.037,0.032,0.032,0.033,0.032,0.033,0.031,0.028,0.028,0.03,0.032,0.032,0.024,0.021,0.083,0.106,0.102,0.104,0.106,0.121,0.125,0.121,0.13,0.122,0.115,0.105,0.111,0.102,0.104,0.108,0.112,0.114,0.112,0.107,0.105,0.1,0.101,0.102,0.102,0.102,0.1,0.1,0.098,0.097,0.092,0.09,0.094,0.087,0.083,0.083,0.08,0.082,0.079,0.083,0.084,0.083,0.082,0.085,0.086,0.089,0.087,0.085,0.082,0.078,0.075,0.074,0.071,0.068,0.066,0.058,0.056,0.056,0.054,0.054,0.052,0.047,0.048,0.046,0.044,0.043,0.039,0.036,0.035,0.034,0.029,0.027,0.024,0.025,0.023,0.019,0.019,0.019,0.018,0.018,0.017,0.014,0.015,0.016,0.012,0.01,0.01,0.009,0.01,0.008,0.008,0.007,0.006,0.006,0.008,0.007,0.009,0.01,0.009,0.009,0.009,0.013,0.011,0.011,0.011,0.011,0.012,0.012,0.013,0.014,0.013,0.013,0.013,0.013,0.013,0.012,0.013,0.013,0.013,0.013,0.014,0.013,0.012,0.012,0.011,0.011,0.011,0.009,0.011,0.012,0.012,0.013,0.014,0.014,0.014,0.014,0.013,0.014,0.014,0.014,0.015,0.016,0.016,0.016,0.015,0.016,0.014,0.015,0.014,0.014,0.015,0.014,0.03,
0.034,0.04,0.044,0.051,0.064,0.076,0.097,0.114,0.141,0.144,0.217,0.081,0.076,0.18,0.077,0.074,0.121,0.163,0.147,0.139,0.12,0.112,0.08,0.108,0.056,0.105,0.109,0.117,0.101,0.155,0.143,0.167,0.121,0.169,0.162,0.158,0.127,0.135,0.158,0.156,0.127,0.067,0.086,0.067,0.071,0.097,0.072,0.084,0.072,0.111,0.063,0.074,0.09,0.053,0.071,0.085,0.058,0.057,0.038,0.064,0.057,0.067,0.031,0.037,0.031,0.036,0.042,0.052,0.036,0.03,0.026,0.028,0.043,0.044,0.028,0.032,0.029,0.031,0.029,0.017,0.028,0.025,0.03,0.033,0.026,0.032,0.031,0.023,0.031,0.036,0.031,0.034,0.029,0.038,0.031,0.024,0.028,0.024,0.025,0.023,0.032,0.021,0.033,0.031,0.045,0.044,0.044,0.044,0.034,0.035,0.042,0.03,0.042,0.048,0.048,0.057,0.049,0.053,0.056,0.058,0.064,0.073,0.063,0.065,0.067,0.071,0.075,0.075,0.095,0.096,0.138,0.097,0.138,0.175,0.237,0.272,0.327,0.393,0.762,0.897,0.896,0.579,0.46,0.337,0.193,0.194,0.18,0.146,0.13,0.088,0.099,0.102,0.069,0.08,0.063,0.068,0.068,0.065,0.049,0.052,0.062,0.05,0.046,0.039,0.052,0.047,0.044,0.044,0.035,0.04,0.038,0.035,0.032,0.035,0.173,0.168,0.167,0.182,0.17,0.172,0.151,0.166,0.155,0.153,0.151,0.133,0.126,0.12,0.108,0.106,0.103,0.099,0.107,0.103,0.103,0.098,0.098,0.094,0.092,0.089,0.087,0.089,0.092,0.085,0.079,0.077,0.074,0.075,0.079,0.072,0.067,0.061,0.066,0.065,0.063,0.063,0.063,0.063,0.063,0.06,0.057,0.06,0.061,0.059,0.058,0.058,0.055,0.057,0.056,0.056,0.052,0.05,0.05,0.05,0.048,0.047,0.047,0.044,0.042,0.041,0.04,0.038,0.037,0.035,0.032,0.03,0.03,0.032,0.029,0.027,0.025,0.027,0.027,0.027,0.028,0.027,0.028,0.027,0.026,0.024,0.022,0.021,0.021,0.019,0.017,0.014,0.013,0.012,0.012,0.009,0.011,0.012,0.013,0.013,0.013,0.012,0.01,0.009,0.009,0.008,0.01,0.009,0.01,0.008,0.007,0.008,0.008,0.007,0.007,0.007,0.008,0.008,0.007,0.009,0.008,0.009,0.009,0.01,0.01,0.01,0.011,0.01,0.008,0.008,0.009,0.009,0.009,0.008,0.008,0.009,0.008,0.008,0.008,0.009,0.009,0.008,0.007,0.008,0.008,0.007,0.006,0.006,0.006,0.005,0.005,0.005,0.005,0.005,0.006,0.03,
0.047,0.049,0.055,0.058,0.076,0.095,0.128,0.165,0.209,0.083,0.075,0.089,0.213,0.114,0.135,0.189,0.169,0.216,0.178,0.159,0.159,0.119,0.186,0.183,0.153,0.182,0.146,0.17,0.207,0.14,0.116,0.145,0.135,0.109,0.103,0.115,0.067,0.101,0.089,0.09,0.075,0.09,0.091,0.084,0.06,0.109,0.074,0.077,0.079,0.074,0.062,0.039,0.069,0.067,0.039,0.039,0.058,0.046,0.042,0.036,0.042,0.043,0.033,0.036,0.031,0.037,0.041,0.031,0.035,0.038,0.031,0.031,0.022,0.027,0.029,0.037,0.035,0.039,0.036,0.034,0.029,0.029,0.032,0.043,0.029,0.044,0.028,0.033,0.028,0.022,0.037,0.032,0.026,0.024,0.033,0.035,0.04,0.037,0.048,0.032,0.038,0.036,0.049,0.024,0.042,0.054,0.045,0.067,0.056,0.05,0.062,0.07,0.064,0.063,0.082,0.076,0.092,0.072,0.075,0.099,0.097,0.111,0.123,0.14,0.173,0.211,0.28,0.321,0.333,0.646,0.866,0.893,0.603,0.398,0.35,0.198,0.205,0.183,0.131,0.12,0.092,0.116,0.103,0.083,0.075,0.065,0.071,0.065,0.069,0.044,0.053,0.056,0.05,0.046,0.036,0.055,0.048,0.04,0.034,0.033,0.038,0.036,0.026,0.035,0.03,0.026,0.029,0.032,0.031,0.026,0.029,0.034,0.027,0.027,0.024,0.023,0.027,0.027,0.087,0.096,0.092,0.091,0.097,0.11,0.115,0.115,0.115,0.103,0.1,0.104,0.099,0.116,0.123,0.115,0.113,0.113,0.104,0.105,0.102,0.1,0.102,0.108,0.111,0.102,0.103,0.099,0.1,0.099,0.098,0.094,0.098,0.092,0.086,0.083,0.085,0.088,0.092,0.086,0.084,0.086,0.086,0.087,0.086,0.088,0.084,0.08,0.081,0.076,0.074,0.072,0.072,0.068,0.064,0.059,0.057,0.054,0.053,0.05,0.054,0.052,0.047,0.048,0.045,0.043,0.039,0.038,0.035,0.036,0.032,0.027,0.025,0.023,0.022,0.021,0.021,0.018,0.018,0.021,0.017,0.016,0.013,0.014,0.015,0.015,0.016,0.014,0.012,0.01,0.011,0.012,0.012,0.01,0.01,0.01,0.01,0.012,0.012,0.011,0.013,0.012,0.013,0.013,0.013,0.014,0.014,0.015,0.015,0.016,0.015,0.013,0.014,0.014,0.014,0.013,0.012,0.012,0.013,0.012,0.013,0.013,0.014,0.014,0.015,0.016,0.017,0.016,0.016,0.016,0.016,0.017,0.017,0.017,0.017,0.017,0.017,0.018,0.018,0.017,0.017,0.017,0.016,0.017,0.017,0.016,0.017,0.017,0.016,0.016,0.015,0.031,
0.047,0.057,0.069,0.083,0.105,0.116,0.144,0.149,0.047,0.099,0.148,0.103,0.073,0.057,0.14,0.165,0.138,0.124,0.099,0.086,0.12,0.089,0.092,0.121,0.098,0.104,0.094,0.131,0.192,0.112,0.121,0.143,0.152,0.138,0.178,0.171,0.148,0.136,0.155,0.103,0.113,0.08,0.129,0.099,0.104,0.062,0.056,0.077,0.083,0.056,0.082,0.054,0.081,0.067,0.062,0.062,0.054,0.057,0.046,0.04,0.056,0.028,0.049,0.045,0.057,0.04,0.024,0.025,0.037,0.039,0.029,0.027,0.032,0.029,0.027,0.018,0.018,0.029,0.03,0.032,0.032,0.034,0.03,0.025,0.026,0.028,0.033,0.031,0.029,0.029,0.025,0.026,0.023,0.031,0.022,0.033,0.021,0.032,0.034,0.039,0.046,0.034,0.024,0.038,0.034,0.03,0.026,0.054,0.061,0.062,0.065,0.054,0.056,0.056,0.064,0.077,0.061,0.061,0.071,0.066,0.081,0.086,0.089,0.114,0.124,0.119,0.153,0.201,0.257,0.267,0.417,0.61,0.876,0.897,0.609,0.393,0.354,0.197,0.205,0.181,0.146,0.113,0.103,0.1,0.104,0.068,0.073,0.056,0.066,0.063,0.06,0.04,0.056,0.054,0.04,0.044,0.052,0.049,0.045,0.044,0.038,0.041,0.035,0.036,0.036,0.173,0.18,0.172,0.17,0.166,0.171,0.155,0.157,0.148,0.154,0.135,0.121,0.105,0.104,0.1,0.101,0.101,0.097,0.098,0.093,0.088,0.09,0.089,0.089,0.086,0.084,0.078,0.078,0.08,0.076,0.078,0.073,0.073,0.07,0.064,0.064,0.067,0.066,0.064,0.062,0.061,0.061,0.058,0.058,0.055,0.057,0.059,0.058,0.057,0.057,0.052,0.052,0.049,0.047,0.045,0.044,0.043,0.044,0.044,0.043,0.042,0.041,0.041,0.04,0.041,0.038,0.04,0.038,0.038,0.036,0.035,0.035,0.033,0.033,0.033,0.031,0.03,0.03,0.03,0.029,0.026,0.026,0.025,0.025,0.025,0.024,0.023,0.021,0.018,0.018,0.016,0.017,0.016,0.014,0.014,0.013,0.011,0.012,0.011,0.011,0.012,0.011,0.011,0.01,0.009,0.009,0.01,0.01,0.01,0.009,0.009,0.008,0.008,0.007,0.007,0.007,0.006,0.007,0.007,0.007,0.008,0.007,0.007,0.008,0.009,0.009,0.009,0.009,0.01,0.009,0.009,0.008,0.009,0.008,0.007,0.008,0.007,0.008,0.007,0.006,0.006,0.005,0.003,0.003,0.002,0.002,0.002,0.002,0.001,0.002,0.003,0.002,0.003,0.004,0.004,0.005,0.005,0.004,0.005,0.005,0.005,0.006,0.005,0.006,0.028,
0.038,0.046,0.053,0.053,0.07,0.096,0.11,0.131,0.308,0.142,0.205,0.157,0.088,0.106,0.081,0.087,0.107,0.11,0.082,0.155,0.154,0.134,0.097,0.08,0.065,0.11,0.113,0.141,0.092,0.088,0.085,0.085,0.121,0.182,0.136,0.18,0.152,0.2,0.143,0.152,0.134,0.133,0.156,0.095,0.104,0.09,0.102,0.089,0.086,0.094,0.055,0.074,0.075,0.064,0.08,0.056,0.078,0.081,0.052,0.055,0.061,0.042,0.051,0.024,0.04,0.03,0.044,0.035,0.052,0.041,0.037,0.038,0.032,0.035,0.027,0.033,0.022,0.027,0.033,0.011,0.035,0.031,0.034,0.037,0.036,0.033,0.029,0.02,0.026,0.028,0.042,0.037,0.043,0.037,0.026,0.026,0.026,0.038,0.042,0.031,0.024,0.038,0.036,0.039,0.038,0.044,0.039,0.041,0.035,0.042,0.038,0.046,0.053,0.052,0.053,0.056,0.054,0.045,0.061,0.067,0.067,0.064,0.067,0.069,0.072,0.086,0.081,0.096,0.103,0.12,0.11,0.162,0.197,0.219,0.288,0.316,0.507,0.7,0.886,0.892,0.668,0.464,0.382,0.296,0.207,0.177,0.12,0.109,0.118,0.101,0.092,0.105,0.072,0.069,0.063,0.073,0.07,0.067,0.055,0.045,0.06,0.056,0.044,0.05,0.052,0.045,0.051,0.04,0.036,0.034,0.04,0.048,0.04,0.039,0.035,0.033,0.029,0.03,0.036,0.028,0.033,0.033,0.036,0.035,0.032,0.027,0.032,0.028,0.028,0.083,0.072,0.1,0.111,0.101,0.112,0.119,0.112,0.121,0.128,0.141,0.149,0.142,0.134,0.127,0.121,0.129,0.129,0.123,0.124,0.119,0.119,0.13,0.129,0.121,0.117,0.118,0.117,0.115,0.118,0.116,0.11,0.107,0.099,0.1,0.097,0.096,0.095,0.096,0.094,0.095,0.09,0.093,0.091,0.089,0.083,0.077,0.073,0.075,0.07,0.07,0.073,0.076,0.072,0.072,0.073,0.074,0.072,0.075,0.076,0.073,0.074,0.069,0.07,0.07,0.069,0.066,0.064,0.063,0.062,0.062,0.058,0.054,0.053,0.051,0.05,0.048,0.05,0.05,0.05,0.049,0.046,0.043,0.042,0.04,0.04,0.038,0.039,0.04,0.04,0.038,0.038,0.037,0.038,0.037,0.034,0.033,0.033,0.032,0.031,0.031,0.029,0.029,0.029,0.028,0.025,0.024,0.024,0.023,0.023,0.023,0.021,0.019,0.019,0.018,0.017,0.018,0.017,0.015,0.014,0.014,0.014,0.015,0.013,0.013,0.013,0.012,0.011,0.011,0.009,0.007,0.007,0.008,0.008,0.007,0.009,0.009,0.008,0.008,0.042,,
0.051,0.057,0.08,0.098,0.13,0.178,0.15,0.045,0.084,0.166,0.126,0.085,0.068,0.131,0.113,0.127,0.151,0.199,0.148,0.109,0.107,0.102,0.125,0.138,0.129,0.068,0.112,0.148,0.165,0.072,0.1,0.111,0.116,0.097,0.131,0.129,0.115,0.122,0.167,0.127,0.133,0.14,0.051,0.105,0.096,0.096,0.074,0.078,0.085,0.103,0.069,0.059,0.066,0.071,0.064,0.057,0.05,0.058,0.024,0.054,0.032,0.048,0.05,0.038,0.045,0.025,0.048,0.04,0.028,0.035,0.023,0.029,0.019,0.03,0.023,0.031,0.028,0.026,0.03,0.034,0.028,0.031,0.033,0.034,0.034,0.029,0.027,0.027,0.023,0.031,0.025,0.028,0.027,0.024,0.043,0.035,0.029,0.03,0.037,0.029,0.039,0.016,0.047,0.046,0.044,0.067,0.049,0.046,0.051,0.043,0.067,0.057,0.05,0.074,0.057,0.073,0.092,0.079,0.095,0.121,0.117,0.135,0.212,0.242,0.271,0.427,0.556,0.875,0.846,0.404,0.443,0.32,0.207,0.151,0.123,0.124,0.105,0.091,0.092,0.08,0.052,0.061,0.045,0.065,0.059,0.046,0.037,0.05,0.046,0.037,0.038,0.046,0.045,0.038,0.032,0.031,0.039,0.035,0.025,0.036,0.028,0.026,0.029,0.027,0.029,0.029,0.029,0.031,0.026,0.024,0.024,0.024,0.119,0.119,0.117,0.109,0.106,0.112,0.116,0.108,0.106,0.109,0.11,0.118,0.112,0.103,0.102,0.098,0.101,0.105,0.103,0.09,0.088,0.09,0.088,0.092,0.097,0.094,0.085,0.085,0.084,0.086,0.085,0.085,0.083,0.081,0.085,0.084,0.084,0.082,0.08,0.076,0.075,0.073,0.07,0.067,0.063,0.057,0.051,0.052,0.049,0.049,0.042,0.042,0.04,0.041,0.037,0.034,0.033,0.033,0.034,0.03,0.025,0.023,0.022,0.023,0.017,0.015,0.016,0.017,0.017,0.017,0.015,0.015,0.015,0.014,0.013,0.011,0.01,0.01,0.01,0.01,0.012,0.013,0.013,0.013,0.013,0.014,0.014,0.015,0.014,0.014,0.013,0.012,0.012,0.013,0.012,0.011,0.012,0.012,0.012,0.011,0.011,0.012,0.013,0.012,0.011,0.012,0.012,0.012,0.013,0.014,0.013,0.014,0.015,0.015,0.016,0.017,0.016,0.015,0.015,0.015,0.016,0.016,0.015,0.016,0.015,0.014,0.012,0.012,0.011,0.011,0.012,0.012,0.013,0.014,0.013,0.013,0.013,0.012,0.011,0.011,0.011,0.01,0.01,0.01,0.01,0.009,0.01,0.01,0.01,0.01,0.01,0.009,0.008,0.009,0.009,0.009,0.008,0.009,0.026
