0,2,4,6,8,10,12,14,16,18,20,22,24,26,28,30,32,34,36,38,40,42,44,46,48,50,52,54,56,58,60,62,64,66,68,70,72,74,76,78,80,82,84,86,88,90,92,94,96,98,100,102,104,106,108,110,112,114,116,118,120,122,124,126,128,130,132,134,136,138,140,142,144,146,148,150,152,154,156,158,160,162,164,166,168,170,172,174,176,178,180,182,184,186,188,190,192
392.9050279329609,392.9050279329609,393.4078212290503,394.0782122905028,394.5810055865922,396.20111731843576,398.7150837988827,400.44692737430165,402.122905027933,403.01675977653633,405.9217877094972,408.26815642458104,408.54748603351953,410.5027932960894,412.9050279329609,414.46927374301674,417.2067039106146,418.54748603351953,420.33519553072625,422.7932960893855,423.35195530726253,425.3631284916201,426.7039106145251,428.5474860335196,428.1005586592178,429.05027932960894,429.99999999999994,429.7765363128492,429.16201117318434,426.92737430167597,425.81005586592175,423.07262569832403,420.89385474860336,411.4525139664804,391.2290502793296,1.787709497206704,2.458100558659218,3.016759776536313,3.4078212290502794,3.7430167597765363,4.078212290502793,4.357541899441341,4.692737430167598,4.916201117318436,5.139664804469274,5.4748603351955305,5.810055865921788,6.256983240223463,6.70391061452514,7.150837988826816,7.653631284916202,8.212290502793296,8.8268156424581,9.385474860335195,9.88826815642458,10.279329608938548,10.782122905027933,11.117318435754191,11.564245810055866,11.955307262569832,12.402234636871508,12.681564245810057,13.072625698324021,13.40782122905028,13.743016759776538,14.022346368715084,14.35754189944134,14.636871508379889,14.916201117318435,15.195530726256983,15.474860335195531,15.754189944134078,15.977653631284916,16.256983240223462,16.480446927374302,16.75977653631285,16.92737430167598,17.206703910614525,17.48603351955307,17.6536312849162,17.821229050279328,18.044692737430168,18.268156424581004,18.491620111731844,18.65921787709497,18.88268156424581,18.99441340782123,19.217877094972067,19.441340782122904,19.608938547486034,19.83240223463687,19.94413407821229,20.16759776536313,20.279329608938546,15198.044692737429,,
400.27932960893855,401.56424581005587,402.2905027932961,403.79888268156424,405.86592178770945,408.0446927374302,409.5530726256983,410.6703910614525,413.4078212290503,416.08938547486036,417.9329608938547,418.4357541899442,419.88826815642454,422.7374301675978,424.91620111731845,426.92737430167597,428.9944134078212,431.22905027932956,433.35195530726253,434.41340782122904,434.6927374301676,435.8659217877095,437.2067039106145,437.7094972067039,438.8268156424581,438.88268156424584,439.72067039106145,439.4972067039106,437.9888268156425,435.3072625698324,433.4078212290503,431.11731843575416,423.12849162011173,404.1340782122905,365.8659217877095,1.787709497206704,3.4636871508379885,4.804469273743017,5.58659217877095,6.536312849162011,7.374301675977653,8.100558659217876,8.547486033519553,9.217877094972067,9.720670391061452,10.167597765363128,10.614525139664805,11.005586592178771,11.34078212290503,11.731843575418994,12.122905027932962,12.402234636871508,12.793296089385475,13.072625698324021,13.40782122905028,13.687150837988828,13.966480446927374,14.245810055865922,14.52513966480447,14.748603351955307,15.083798882681565,15.363128491620111,15.642458100558658,15.865921787709498,16.089385474860336,16.368715083798882,16.648044692737432,16.92737430167598,17.150837988826815,17.318435754189945,17.59776536312849,17.877094972067038,18.100558659217878,18.379888268156424,18.54748603351955,18.77094972067039,19.050279329608937,19.273743016759777,19.553072625698324,19.77653631284916,20.0,20.223463687150836,20.502793296089386,20.726256983240226,20.949720670391063,21.1731843575419,21.452513966480446,21.675977653631286,21.955307262569832,22.122905027932962,22.40223463687151,22.62569832402235,22.90502793296089,23.18435754189944,23.407821229050278,15693.407821229051,
369.4972067039106,370.8379888268156,372.5139664804469,373.85474860335194,374.3575418994413,376.0893854748603,377.8212290502794,379.2178770949721,381.340782122905,383.2402234636872,386.14525139664806,388.8826815642458,390.8379888268156,391.7877094972067,393.3519553072626,394.0782122905028,394.80446927374305,396.5921787709497,398.0446927374302,399.8882681564246,401.67597765363126,402.5698324022346,404.07821229050285,405.5307262569832,406.87150837988827,407.4860335195531,409.1620111731844,409.5530726256983,409.21787709497204,408.26815642458104,406.81564245810057,406.4804469273743,407.1508379888268,397.09497206703907,372.6815642458101,0.7262569832402235,1.229050279329609,1.7318435754189943,1.899441340782123,2.0670391061452515,2.346368715083799,2.458100558659218,2.569832402234637,2.7374301675977653,2.905027932960894,3.240223463687151,3.7430167597765363,4.41340782122905,5.027932960893855,5.5307262569832405,6.256983240223463,6.815642458100559,7.318435754189944,7.821229050279329,8.268156424581006,8.659217877094973,9.106145251396649,9.553072625698324,9.88826815642458,10.167597765363128,10.614525139664805,10.837988826815643,11.117318435754191,11.508379888268156,11.787709497206704,12.011173184357542,12.290502793296088,12.513966480446927,12.849162011173185,12.960893854748605,13.240223463687151,13.46368715083799,13.687150837988828,13.910614525139664,14.078212290502792,14.301675977653632,14.52513966480447,14.748603351955307,14.972067039106145,15.139664804469273,15.251396648044693,15.474860335195531,15.642458100558658,15.810055865921788,15.977653631284916,16.201117318435752,16.368715083798882,16.480446927374302,16.648044692737432,16.81564245810056,16.92737430167598,17.150837988826815,17.262569832402235,17.48603351955307,17.54189944134078,14381.899441340782,
536.0335195530727,537.877094972067,539.3296089385475,541.4525139664804,542.4581005586592,544.1340782122904,545.8100558659218,548.5474860335196,550.2793296089385,553.7988826815642,557.0391061452514,559.4413407821229,561.1731843575419,563.1284916201117,565.8100558659219,569.7206703910614,571.1173184357542,573.5754189944134,575.5307262569833,577.7653631284916,578.9944134078212,581.1173184357542,581.9553072625698,581.1173184357542,581.2290502793296,580.0558659217877,578.5474860335196,578.268156424581,577.5418994413408,573.9664804469273,569.8324022346369,562.4581005586592,543.6312849162011,516.927374301676,1.675977653631285,2.7374301675977653,3.6871508379888267,4.636871508379888,5.251396648044693,5.754189944134078,6.424581005586592,6.983240223463687,7.374301675977653,7.821229050279329,8.156424581005586,8.547486033519553,8.882681564245809,9.217877094972067,9.497206703910615,9.720670391061452,10.05586592178771,10.279329608938548,10.558659217877095,10.837988826815643,11.005586592178771,11.28491620111732,11.508379888268156,11.731843575418994,12.011173184357542,12.234636871508378,12.458100558659218,12.625698324022347,12.905027932960895,13.128491620111731,13.35195530726257,13.519553072625698,13.743016759776538,13.966480446927374,14.189944134078212,14.41340782122905,14.581005586592179,14.804469273743017,14.972067039106145,15.195530726256983,15.363128491620111,15.586592178770951,15.810055865921788,15.977653631284916,16.201117318435752,16.312849162011172,16.536312849162012,16.75977653631285,16.92737430167598,17.150837988826815,17.318435754189945,17.430167597765365,17.6536312849162,17.821229050279328,18.044692737430168,18.212290502793298,18.379888268156424,18.54748603351955,18.71508379888268,18.88268156424581,19855.027932960893,,
337.70949720670393,339.10614525139664,340.16759776536315,340.94972067039106,342.0670391061453,344.46927374301674,347.1508379888268,347.70949720670393,349.4972067039106,351.22905027932956,353.79888268156424,355.3072625698324,358.1005586592179,359.8882681564246,362.9608938547486,365.3072625698324,366.08938547486036,366.48044692737426,369.10614525139664,371.2290502793296,372.29050279329607,373.74301675977654,375.6983240223464,375.92178770949715,377.2625698324023,378.0446927374301,378.43575418994413,379.4972067039106,381.1173184357542,379.4413407821229,379.2178770949721,377.4301675977654,374.24581005586595,368.99441340782124,346.4245810055866,1.8435754189944134,3.1284916201117317,4.189944134078212,5.195530726256983,5.810055865921788,6.592178770949721,7.262569832402235,7.821229050279329,8.324022346368716,8.8268156424581,9.273743016759775,9.664804469273742,10.111731843575418,10.614525139664805,10.949720670391061,11.34078212290503,11.787709497206704,12.234636871508378,12.625698324022347,13.240223463687151,13.687150837988828,14.134078212290502,14.636871508379889,15.195530726256983,15.754189944134078,16.145251396648042,16.70391061452514,17.150837988826815,17.6536312849162,18.212290502793298,18.60335195530726,19.106145251396647,19.497206703910614,20.05586592178771,20.335195530726256,20.837988826815643,21.22905027932961,21.675977653631286,22.011173184357542,22.51396648044693,22.84916201117318,23.24022346368715,23.575418994413408,24.022346368715084,24.245810055865924,24.636871508379887,25.027932960893853,25.307262569832403,25.64245810055866,26.033519553072622,26.312849162011172,26.64804469273743,26.98324022346369,27.262569832402235,27.541899441340785,27.877094972067038,28.156424581005584,28.435754189944134,28.71508379888268,13714.581005586593,,
355.64245810055866,357.4860335195531,357.8212290502793,357.65363128491623,359.10614525139664,360.11173184357546,361.73184357541896,362.45810055865917,363.1284916201118,363.85474860335194,365.7541899441341,366.87150837988827,368.37988826815644,368.43575418994413,367.9888268156425,369.10614525139664,370.11173184357546,371.0055865921788,371.56424581005587,372.7932960893855,372.9608938547486,373.3519553072626,373.9106145251397,373.9664804469274,374.91620111731845,375.75418994413405,376.0893854748603,376.6480446927374,376.3687150837989,375.5865921787709,375.3072625698324,374.3575418994413,373.4078212290503,371.3966480446927,368.32402234636874,366.536312849162,362.2346368715084,356.536312849162,38.93854748603352,55.58659217877096,71.56424581005587,0.111731843575419,0.111731843575419,0.16759776536312848,0.16759776536312848,0.223463687150838,0.223463687150838,0.223463687150838,0.223463687150838,0.27932960893854747,0.27932960893854747,0.27932960893854747,0.27932960893854747,0.33519553072625696,0.33519553072625696,0.5586592178770949,1.229050279329609,2.0670391061452515,3.2960893854748603,4.245810055865921,5.195530726256983,5.977653631284916,6.871508379888269,7.4301675977653625,8.156424581005586,8.882681564245809,9.497206703910615,10.111731843575418,10.614525139664805,11.005586592178771,11.564245810055866,12.011173184357542,12.513966480446927,12.905027932960895,13.29608938547486,13.743016759776538,14.134078212290502,14.41340782122905,14.748603351955307,15.195530726256983,15.474860335195531,15.865921787709498,16.145251396648042,16.480446927374302,16.70391061452514,17.039106145251395,17.374301675977655,17.70949720670391,17.877094972067038,18.212290502793298,18.435754189944134,18.77094972067039,19.050279329608937,19.217877094972067,19.497206703910614,19.77653631284916,14671.284916201117
494.46927374301674,496.0335195530726,497.4301675977653,499.5530726256983,501.9553072625698,502.68156424581,504.1340782122905,505.69832402234636,507.8770949720671,509.6648044692737,511.3966480446927,512.9050279329609,515.4189944134079,517.2067039106145,519.6089385474861,521.8435754189944,523.9106145251396,524.245810055866,525.9776536312849,528.8268156424581,531.1731843575419,533.4078212290503,534.1340782122905,534.9162011173185,536.6480446927374,536.3687150837989,537.4301675977654,535.0837988826815,531.8435754189944,530.5027932960894,526.0335195530727,518.1005586592179,508.99441340782124,488.93854748603354,451.2290502793296,1.1731843575418994,2.849162011173185,4.134078212290503,5.307262569832402,6.368715083798882,7.262569832402235,8.100558659217876,8.77094972067039,9.497206703910615,10.05586592178771,10.614525139664805,11.061452513966481,11.508379888268156,12.067039106145252,12.513966480446927,12.960893854748605,13.29608938547486,13.687150837988828,14.078212290502792,14.46927374301676,14.748603351955307,15.083798882681565,15.418994413407821,15.754189944134078,16.033519553072626,16.256983240223462,16.648044692737432,16.92737430167598,17.206703910614525,17.48603351955307,17.70949720670391,17.988826815642458,18.212290502793298,18.435754189944134,18.71508379888268,18.93854748603352,19.217877094972067,19.441340782122904,19.664804469273744,19.88826815642458,20.11173184357542,20.335195530726256,20.558659217877096,20.726256983240226,20.949720670391063,21.1731843575419,21.396648044692736,21.620111731843576,21.731843575418996,21.955307262569832,22.178770949720672,22.40223463687151,22.56983240223464,22.73743016759777,22.90502793296089,23.07262569832402,23.29608938547486,23.519553072625698,23.631284916201118,23.854748603351958,19035.921787709496,
386.98324022346367,387.76536312849163,389.4413407821229,389.49720670391065,391.28491620111737,392.0111731843576,394.6368715083799,395.75418994413405,396.5921787709497,398.93854748603354,400.33519553072625,402.6256983240224,405.19553072625695,406.0335195530726,407.5977653631285,408.26815642458104,409.3854748603352,410.6145251396648,411.731843575419,413.1843575418995,414.46927374301674,415.53072625698326,416.36871508379886,417.3743016759777,418.37988826815644,417.54189944134083,417.3743016759777,417.4301675977653,414.804469273743,411.39664804469277,406.36871508379886,403.12849162011173,393.79888268156424,383.96648044692733,367.03910614525137,321.0614525139665,2.0670391061452515,3.575418994413408,4.692737430167598,5.363128491620111,6.089385474860336,6.70391061452514,7.262569832402235,7.709497206703911,8.212290502793296,8.659217877094973,8.994413407821229,9.385474860335195,9.776536312849162,10.111731843575418,10.391061452513966,10.726256983240223,11.005586592178771,11.22905027932961,11.620111731843576,11.899441340782124,12.178770949720672,12.402234636871508,12.737430167597765,13.016759776536311,13.29608938547486,13.575418994413408,13.798882681564244,14.078212290502792,14.35754189944134,14.636871508379889,14.860335195530725,15.139664804469273,15.474860335195531,15.754189944134078,15.977653631284916,16.256983240223462,16.536312849162012,16.87150837988827,17.150837988826815,17.374301675977655,17.70949720670391,18.044692737430168,18.324022346368714,18.65921787709497,18.93854748603352,19.217877094972067,19.608938547486034,19.94413407821229,20.223463687150836,20.614525139664806,21.06145251396648,21.340782122905026,21.731843575418996,22.122905027932962,22.51396648044693,22.9608938547486,23.407821229050278,23.854748603351958,24.245810055865924,15289.385474860335,
507.70949720670393,508.7150837988827,510.67039106145256,512.8491620111731,514.413407821229,515.8659217877095,517.4860335195531,518.8268156424581,519.6648044692737,521.6201117318436,524.0782122905027,526.3687150837989,528.4357541899441,530.1675977653631,532.0111731843575,532.7932960893854,534.8603351955308,536.927374301676,538.3240223463688,540.8938547486033,543.1284916201117,544.9720670391062,546.5363128491621,547.4860335195531,549.0502793296089,550.2234636871509,550.6703910614525,550.2234636871509,548.3240223463688,545.8659217877096,541.9553072625698,535.3072625698325,525.6983240223464,511.1731843575419,485.2513966480447,427.03910614525137,1.5642458100558658,2.458100558659218,3.184357541899441,3.7430167597765363,4.245810055865921,4.692737430167598,5.083798882681564,5.363128491620111,5.69832402234637,5.921787709497207,6.145251396648044,6.368715083798882,6.592178770949721,6.815642458100559,7.039106145251396,7.206703910614525,7.374301675977653,7.5418994413407825,7.709497206703911,7.877094972067039,8.044692737430168,8.156424581005586,8.268156424581006,8.435754189944134,8.547486033519553,8.659217877094973,8.8268156424581,8.994413407821229,9.106145251396649,9.162011173184357,9.329608938547485,9.441340782122905,9.553072625698324,9.664804469273742,9.776536312849162,9.88826815642458,10.0,10.167597765363128,10.223463687150838,10.279329608938548,10.391061452513966,10.502793296089386,10.614525139664805,10.726256983240223,10.837988826815643,10.949720670391061,11.005586592178771,11.117318435754191,11.22905027932961,11.34078212290503,11.452513966480446,11.452513966480446,11.564245810055866,11.675977653631286,11.787709497206704,11.843575418994414,11.955307262569832,12.067039106145252,12.122905027932962,19487.374301675976,
421.00558659217876,423.18435754189943,424.58100558659214,425.9776536312849,428.88268156424584,431.39664804469277,434.0223463687151,436.7039106145251,437.2625698324022,440.22346368715085,441.1173184357542,443.18435754189943,443.63128491620114,445.8659217877095,447.03910614525137,449.55307262569835,452.4022346368715,455.9776536312849,457.5418994413408,459.8882681564246,462.23463687150837,462.5139664804469,463.68715083798884,466.81564245810057,467.6536312849162,468.6033519553073,469.66480446927375,469.7206703910615,468.71508379888263,467.3743016759777,465.1396648044693,463.74301675977654,458.9385474860335,456.98324022346367,440.22346368715085,387.9329608938548,0.7821229050279329,1.8435754189944134,3.2960893854748603,4.5251396648044695,5.251396648044693,6.033519553072626,6.64804469273743,7.150837988826816,7.653631284916202,8.100558659217876,8.435754189944134,8.938547486033519,9.217877094972067,9.608938547486034,9.88826815642458,10.167597765363128,10.446927374301676,10.726256983240223,10.949720670391061,11.22905027932961,11.508379888268156,11.731843575418994,11.955307262569832,12.122905027932962,12.402234636871508,12.625698324022347,12.849162011173185,13.072625698324021,13.29608938547486,13.40782122905028,13.687150837988828,13.854748603351954,14.078212290502792,14.301675977653632,14.52513966480447,14.636871508379889,14.860335195530725,15.027932960893855,15.307262569832403,15.474860335195531,15.698324022346368,15.810055865921788,16.033519553072626,16.201117318435752,16.480446927374302,16.648044692737432,16.87150837988827,17.039106145251395,17.206703910614525,17.430167597765365,17.59776536312849,17.821229050279328,18.044692737430168,18.268156424581004,18.379888268156424,18.60335195530726,18.8268156424581,19.050279329608937,19.217877094972067,19.441340782122904,16911.67597765363
361.45251396648047,362.1229050279329,362.5139664804469,363.1284916201118,364.41340782122904,365.8659217877095,366.7039106145251,369.2178770949721,369.16201117318434,371.7877094972067,373.5195530726257,375.25139664804465,377.7094972067039,379.83240223463685,381.45251396648047,383.2402234636872,383.2402234636872,384.30167597765364,385.75418994413405,387.1508379888268,390.7262569832402,391.84357541899436,392.6256983240223,393.79888268156424,394.6368715083799,395.8100558659218,397.9329608938548,397.9329608938548,397.5418994413408,398.1564245810056,397.3184357541899,397.3184357541899,396.6480446927374,394.0782122905028,380.5586592178771,341.0614525139665,1.1173184357541899,1.5642458100558658,1.787709497206704,2.011173184357542,2.2346368715083798,2.4022346368715084,2.569832402234637,2.6256983240223466,2.849162011173185,3.240223463687151,3.6312849162011176,4.5251396648044695,5.139664804469274,5.977653631284916,6.871508379888269,7.4860335195530725,8.324022346368716,8.994413407821229,9.608938547486034,10.167597765363128,10.782122905027933,11.22905027932961,11.675977653631286,12.234636871508378,12.625698324022347,13.128491620111731,13.46368715083799,13.854748603351954,14.245810055865922,14.636871508379889,14.972067039106145,15.363128491620111,15.642458100558658,15.977653631284916,16.312849162011172,16.648044692737432,16.92737430167598,17.206703910614525,17.54189944134078,17.765363128491618,18.044692737430168,18.379888268156424,18.65921787709497,18.93854748603352,19.106145251396647,19.385474860335194,19.664804469273744,19.88826815642458,20.11173184357542,20.335195530726256,20.614525139664806,20.837988826815643,21.06145251396648,21.22905027932961,21.508379888268156,21.731843575418996,21.955307262569832,22.178770949720672,22.40223463687151,14497.206703910615,
363.4078212290503,364.0782122905028,365.8659217877095,367.03910614525137,368.8268156424581,370.8379888268156,373.2402234636872,373.5195530726257,374.24581005586595,374.8603351955307,378.0446927374301,379.94413407821224,381.06145251396646,383.3519553072626,385.9776536312849,388.71508379888263,390.05586592178776,392.29050279329607,393.96648044692733,395.69832402234636,397.877094972067,398.7709497206704,399.1620111731844,399.5530726256983,398.49162011173183,398.0446927374302,399.1620111731844,398.0446927374302,395.1396648044693,393.74301675977654,385.9776536312849,377.486033519553,356.7039106145251,335.97765363128497,1.787709497206704,2.2346368715083798,2.7374301675977653,3.016759776536313,3.35195530726257,3.519553072625698,3.7430167597765363,4.022346368715084,4.189944134078212,4.4692737430167595,4.748603351955308,5.139664804469274,5.58659217877095,6.256983240223463,6.815642458100559,7.4860335195530725,8.212290502793296,8.8268156424581,9.497206703910615,10.111731843575418,10.614525139664805,11.061452513966481,11.508379888268156,12.067039106145252,12.513966480446927,12.960893854748605,13.35195530726257,13.743016759776538,14.134078212290502,14.46927374301676,14.916201117318435,15.307262569832403,15.698324022346368,15.977653631284916,16.256983240223462,16.70391061452514,16.92737430167598,17.318435754189945,17.59776536312849,17.932960893854748,18.212290502793298,18.435754189944134,18.77094972067039,19.106145251396647,19.329608938547484,19.608938547486034,19.88826815642458,20.16759776536313,20.446927374301676,20.670391061452516,20.949720670391063,21.22905027932961,21.452513966480446,21.675977653631286,21.899441340782122,22.178770949720672,22.45810055865922,22.68156424581006,22.90502793296089,23.07262569832402,13811.117318435756,,
346.0335195530726,347.9888268156425,348.88268156424584,349.7765363128492,352.0670391061453,354.35754189944134,357.31843575419,358.37988826815644,361.2849162011173,362.6256983240223,365.08379888268155,368.32402234636874,371.50837988826817,372.6256983240223,373.85474860335194,375.9776536312849,376.2569832402235,377.65363128491623,380.27932960893855,382.0670391061452,383.2402234636872,385.19553072625695,385.6983240223464,386.75977653631287,388.54748603351953,388.7709497206704,390.61452513966475,390.391061452514,392.3463687150838,391.62011173184356,391.84357541899436,389.55307262569835,386.6480446927374,379.55307262569835,354.18994413407825,1.2849162011173185,2.1229050279329607,3.240223463687151,4.41340782122905,5.251396648044693,6.256983240223463,7.094972067039106,7.932960893854749,8.547486033519553,9.329608938547485,10.0,10.670391061452513,11.061452513966481,11.620111731843576,12.290502793296088,12.737430167597765,13.184357541899441,13.743016759776538,14.134078212290502,14.636871508379889,15.027932960893855,15.418994413407821,15.865921787709498,16.201117318435752,16.592178770949722,16.92737430167598,17.374301675977655,17.6536312849162,17.988826815642458,18.379888268156424,18.71508379888268,19.050279329608937,19.385474860335194,19.72067039106145,20.0,20.223463687150836,20.558659217877096,20.949720670391063,21.22905027932961,21.452513966480446,21.731843575418996,21.955307262569832,22.3463687150838,22.62569832402235,22.84916201117318,23.12849162011173,23.407821229050278,23.687150837988828,23.910614525139664,24.134078212290504,24.413407821229047,24.692737430167597,24.916201117318437,25.195530726256983,25.418994413407823,25.64245810055866,25.8659217877095,26.145251396648042,26.368715083798882,14074.022346368716,,
345.58659217877096,348.65921787709493,348.88268156424584,349.83240223463685,352.5139664804469,354.1340782122905,356.25698324022346,359.3296089385475,361.3966480446927,362.5139664804469,363.9664804469274,366.08938547486036,367.65363128491623,370.89385474860336,372.0670391061452,374.1899441340782,375.75418994413405,377.8212290502794,378.60335195530723,381.3966480446927,381.62011173184356,382.8491620111732,384.80446927374305,386.03351955307267,386.25698324022346,387.5418994413408,387.877094972067,387.2625698324023,388.6033519553073,386.6480446927374,385.6983240223464,384.13407821229055,383.01675977653633,373.3519553072626,345.81005586592175,1.0614525139664803,1.3407821229050279,1.5642458100558658,1.6201117318435756,1.7318435754189943,1.899441340782123,2.011173184357542,2.1229050279329607,2.4022346368715084,2.793296089385475,3.35195530726257,4.301675977653631,5.363128491620111,6.312849162011173,7.374301675977653,8.435754189944134,9.385474860335195,10.279329608938548,11.061452513966481,11.899441340782124,12.569832402234637,13.35195530726257,14.022346368715084,14.748603351955307,15.251396648044693,15.865921787709498,16.368715083798882,16.983240223463685,17.48603351955307,18.044692737430168,18.54748603351955,19.050279329608937,19.497206703910614,19.94413407821229,20.391061452513966,20.782122905027933,21.22905027932961,21.675977653631286,22.011173184357542,22.51396648044693,22.90502793296089,23.24022346368715,23.631284916201118,24.078212290502794,24.413407821229047,24.748603351955307,25.139664804469273,25.53072625698324,25.75418994413408,26.145251396648042,26.480446927374302,26.75977653631285,27.094972067039105,27.430167597765365,27.765363128491618,28.100558659217874,28.324022346368714,28.65921787709497,28.99441340782123,13950.893854748603,,
365.02793296089385,366.0335195530726,367.3743016759776,367.1508379888268,367.5418994413408,367.7094972067039,369.83240223463685,370.39106145251395,370.89385474860336,373.5195530726257,374.0782122905028,375.4189944134078,376.2569832402235,377.03910614525137,377.15083798882677,379.10614525139664,380.6145251396648,382.8491620111732,384.7486033519553,386.87150837988827,388.15642458100564,388.99441340782124,389.608938547486,390.1675977653631,390.6703910614525,391.62011173184356,390.9497206703911,387.4860335195531,385.1396648044693,381.73184357541896,378.49162011173183,374.24581005586595,363.18435754189943,350.27932960893855,312.7374301675977,1.787709497206704,3.4078212290502794,4.581005586592179,5.363128491620111,6.089385474860336,6.64804469273743,7.206703910614525,7.709497206703911,8.156424581005586,8.603351955307263,8.994413407821229,9.385474860335195,9.776536312849162,10.111731843575418,10.446927374301676,10.837988826815643,11.061452513966481,11.34078212290503,11.675977653631286,12.011173184357542,12.290502793296088,12.569832402234637,12.905027932960895,13.240223463687151,13.46368715083799,13.798882681564244,14.078212290502792,14.46927374301676,14.748603351955307,14.972067039106145,15.363128491620111,15.642458100558658,15.921787709497206,16.256983240223462,16.648044692737432,16.92737430167598,17.374301675977655,17.6536312849162,17.988826815642458,18.379888268156424,18.71508379888268,19.106145251396647,19.497206703910614,19.88826815642458,20.335195530726256,20.782122905027933,21.11731843575419,21.620111731843576,22.067039106145252,22.62569832402235,23.12849162011173,23.687150837988828,24.134078212290504,24.860335195530727,25.363128491620113,26.033519553072622,26.53631284916201,27.150837988826815,27.988826815642458,28.547486033519554,14076.145251396649,
501.56424581005587,503.18435754189943,505.0837988826816,506.25698324022346,507.8212290502793,509.83240223463685,511.731843575419,513.0167597765363,514.5251396648044,516.3128491620112,519.050279329609,521.5642458100558,525.3631284916202,528.4916201117319,529.6648044692737,532.2346368715083,535.977653631285,538.1005586592179,540.5586592178771,541.8435754189944,544.0782122905028,545.6424581005587,545.977653631285,546.1452513966481,546.9832402234637,546.7597765363129,547.6536312849162,546.927374301676,545.754189944134,545.754189944134,543.6871508379888,541.2290502793296,533.2960893854748,514.7486033519552,486.87150837988827,413.51955307262574,1.6201117318435756,2.905027932960894,3.798882681564246,4.692737430167598,5.083798882681564,5.58659217877095,6.033519553072626,6.424581005586592,6.759776536312849,7.094972067039106,7.374301675977653,7.709497206703911,8.044692737430168,8.268156424581006,8.547486033519553,8.938547486033519,9.273743016759775,9.608938547486034,9.94413407821229,10.335195530726258,10.726256983240223,11.005586592178771,11.508379888268156,11.955307262569832,12.458100558659218,12.905027932960895,13.40782122905028,14.022346368715084,14.46927374301676,15.027932960893855,15.586592178770951,16.145251396648042,16.70391061452514,17.262569832402235,17.765363128491618,18.324022346368714,18.8268156424581,19.329608938547484,19.88826815642458,20.279329608938546,20.726256983240226,21.1731843575419,21.675977653631286,22.067039106145252,22.51396648044693,22.9608938547486,23.35195530726257,23.743016759776538,24.189944134078214,24.525139664804467,24.916201117318437,25.307262569832403,25.64245810055866,26.033519553072622,26.424581005586592,26.75977653631285,27.039106145251395,27.318435754189945,27.709497206703908,19806.927374301675,
360.83798882681566,362.6256983240223,364.41340782122904,366.92737430167597,368.7150837988827,370.94972067039106,373.463687150838,377.3184357541899,380.1117318435754,383.57541899441344,386.75977653631287,387.9329608938548,392.4581005586592,396.20111731843576,397.4301675977654,400.22346368715085,404.52513966480444,407.0391061452514,408.9944134078212,410.94972067039106,412.34636871508377,414.804469273743,415.53072625698326,416.7597765363128,416.64804469273747,418.26815642458104,417.9888268156424,418.1005586592178,417.3743016759777,417.8212290502793,417.54189944134083,414.9720670391061,413.74301675977654,412.9050279329609,405.30726256983246,394.24581005586595,371.2290502793296,322.1787709497206,1.1173184357541899,1.899441340782123,2.9608938547486034,3.9664804469273744,4.916201117318436,5.58659217877095,6.368715083798882,6.983240223463687,7.5418994413407825,8.268156424581006,8.715083798882683,9.273743016759775,9.776536312849162,10.223463687150838,10.726256983240223,11.005586592178771,11.508379888268156,11.899441340782124,12.234636871508378,12.625698324022347,12.960893854748605,13.29608938547486,13.631284916201118,13.966480446927374,14.301675977653632,14.581005586592179,14.860335195530725,15.139664804469273,15.474860335195531,15.698324022346368,15.977653631284916,16.201117318435752,16.424581005586592,16.70391061452514,16.92737430167598,17.150837988826815,17.430167597765365,17.6536312849162,17.877094972067038,18.044692737430168,18.268156424581004,18.491620111731844,18.71508379888268,18.93854748603352,19.162011173184357,19.273743016759777,19.497206703910614,19.72067039106145,19.88826815642458,20.11173184357542,20.223463687150836,20.446927374301676,20.614525139664806,20.726256983240226,21.005586592178773,21.1731843575419,21.340782122905026,15828.715083798883,
366.08938547486036,365.9776536312849,367.5418994413408,368.1005586592179,370.1675977653631,371.7877094972067,374.1899441340782,375.64245810055866,377.2625698324023,379.05027932960894,380.1675977653631,384.35754189944134,386.927374301676,390.391061452514,391.45251396648047,394.3016759776536,397.3184357541899,399.72067039106145,402.513966480447,405.02793296089385,405.9217877094972,407.2625698324022,408.9944134078212,410.94972067039106,412.2905027932961,412.8491620111732,412.0670391061453,411.62011173184356,410.6145251396648,407.3743016759777,405.02793296089385,402.40223463687147,393.29608938547483,383.9106145251397,362.9608938547486,326.7597765363128,0.5586592178770949,0.893854748603352,1.005586592178771,1.2849162011173185,1.5642458100558658,2.2905027932960893,3.519553072625698,4.636871508379888,5.5307262569832405,6.536312849162011,7.4860335195530725,8.212290502793296,8.994413407821229,9.664804469273742,10.335195530726258,10.949720670391061,11.452513966480446,12.122905027932962,12.569832402234637,13.072625698324021,13.519553072625698,14.078212290502792,14.52513966480447,14.916201117318435,15.418994413407821,15.810055865921788,16.201117318435752,16.592178770949722,16.983240223463685,17.318435754189945,17.70949720670391,18.044692737430168,18.379888268156424,18.65921787709497,18.99441340782123,19.385474860335194,19.608938547486034,19.88826815642458,20.223463687150836,20.502793296089386,20.782122905027933,21.06145251396648,21.340782122905026,21.675977653631286,21.843575418994412,22.122905027932962,22.40223463687151,22.68156424581006,22.84916201117318,23.12849162011173,23.35195530726257,23.631284916201118,23.854748603351958,24.078212290502794,24.245810055865924,24.469273743016757,24.748603351955307,24.972067039106143,25.195530726256983,14940.167597765363,
524.022346368715,524.5810055865921,525.4189944134077,526.536312849162,527.2625698324023,528.659217877095,529.6648044692737,531.1173184357542,532.2905027932961,533.0167597765363,534.022346368715,536.0335195530727,537.5977653631285,538.8268156424581,540.7262569832402,541.8435754189944,542.5698324022346,544.245810055866,546.8715083798883,547.3743016759777,548.2122905027933,549.7765363128491,550.6703910614525,551.5083798882681,551.4525139664805,550.7262569832402,550.2793296089385,550.9497206703911,550.3351955307263,550.3351955307263,547.2067039106146,541.1173184357542,535.4189944134079,524.413407821229,507.31843575419,473.072625698324,1.3966480446927374,1.899441340782123,2.4022346368715084,2.793296089385475,3.072625698324022,3.35195530726257,3.519553072625698,3.798882681564246,4.022346368715084,4.301675977653631,4.4692737430167595,4.636871508379888,4.860335195530726,5.083798882681564,5.418994413407821,5.69832402234637,5.921787709497207,6.256983240223463,6.592178770949721,6.983240223463687,7.4301675977653625,7.821229050279329,8.268156424581006,8.882681564245809,9.497206703910615,10.167597765363128,10.837988826815643,11.508379888268156,12.234636871508378,12.849162011173185,13.575418994413408,14.35754189944134,14.916201117318435,15.586592178770951,16.256983240223462,16.87150837988827,17.48603351955307,18.100558659217878,18.65921787709497,19.162011173184357,19.77653631284916,20.335195530726256,20.782122905027933,21.340782122905026,21.843575418994412,22.3463687150838,22.79329608938548,23.29608938547486,23.798882681564248,24.189944134078214,24.748603351955307,25.195530726256983,25.53072625698324,26.033519553072622,26.424581005586592,26.81564245810056,27.150837988826815,27.597765363128488,20106.424581005587,,
408.3240223463687,408.8826815642458,409.8324022346369,411.62011173184356,413.01675977653633,414.6927374301676,415.3631284916201,416.7597765363128,419.10614525139664,420.0558659217877,422.4581005586592,424.804469273743,426.3128491620112,427.3743016759776,429.83240223463685,431.5642458100559,434.6368715083799,436.4245810055866,438.659217877095,440.83798882681566,442.3463687150838,442.1229050279329,443.07262569832403,444.3575418994413,445.25139664804465,446.4245810055866,446.145251396648,444.30167597765364,442.0111731843576,441.5642458100558,442.1787709497207,435.41899441340786,430.94972067039106,418.8268156424581,1.7318435754189943,3.072625698324022,4.022346368715084,5.083798882681564,5.754189944134078,6.70391061452514,7.318435754189944,8.044692737430168,8.659217877094973,9.273743016759775,9.720670391061452,10.279329608938548,10.782122905027933,11.1731843575419,11.564245810055866,12.011173184357542,12.402234636871508,12.737430167597765,13.128491620111731,13.46368715083799,13.798882681564244,14.134078212290502,14.46927374301676,14.748603351955307,15.083798882681565,15.418994413407821,15.642458100558658,15.921787709497206,16.145251396648042,16.480446927374302,16.75977653631285,16.983240223463685,17.206703910614525,17.48603351955307,17.70949720670391,17.932960893854748,18.156424581005588,18.435754189944134,18.65921787709497,18.88268156424581,19.106145251396647,19.329608938547484,19.441340782122904,19.72067039106145,19.88826815642458,20.11173184357542,20.335195530726256,20.502793296089386,20.670391061452516,20.893854748603353,21.11731843575419,21.284916201117316,21.508379888268156,21.675977653631286,21.787709497206702,22.011173184357542,22.234636871508382,22.40223463687151,22.56983240223464,22.73743016759777,15541.843575418994,,
486.0893854748603,488.7709497206704,493.51955307262574,495.53072625698326,497.5977653631285,499.88826815642454,501.39664804469277,503.9664804469274,506.145251396648,509.32960893854744,512.0670391061453,514.1340782122905,517.3743016759777,520.1117318435754,523.6871508379888,525.8100558659218,528.659217877095,530.8379888268156,530.6703910614525,531.8994413407821,533.2402234636871,533.1843575418994,535.586592178771,536.8715083798883,537.3184357541899,536.5363128491621,535.2513966480446,533.072625698324,530.7262569832402,529.1061452513966,523.6871508379888,512.3463687150838,492.122905027933,444.804469273743,1.787709497206704,3.2960893854748603,4.41340782122905,5.5307262569832405,6.312849162011173,6.983240223463687,7.709497206703911,8.268156424581006,8.8268156424581,9.385474860335195,9.832402234636872,10.223463687150838,10.726256983240223,11.061452513966481,11.39664804469274,11.843575418994414,12.178770949720672,12.569832402234637,12.960893854748605,13.35195530726257,13.687150837988828,14.078212290502792,14.46927374301676,14.748603351955307,15.195530726256983,15.530726256983241,15.865921787709498,16.201117318435752,16.592178770949722,16.92737430167598,17.206703910614525,17.59776536312849,17.932960893854748,18.324022346368714,18.65921787709497,18.93854748603352,19.329608938547484,19.664804469273744,20.0,20.335195530726256,20.558659217877096,20.949720670391063,21.22905027932961,21.620111731843576,21.899441340782122,22.178770949720672,22.51396648044693,22.73743016759777,23.07262569832402,23.35195530726257,23.687150837988828,23.910614525139664,24.134078212290504,24.469273743016757,24.748603351955307,24.916201117318437,25.251396648044693,25.47486033519553,25.69832402234637,25.92178770949721,26.201117318435752,18545.81005586592,
414.9720670391061,417.1508379888268,419.21787709497204,421.4525139664804,423.24022346368713,425.2513966480447,427.4301675977654,430.7262569832402,434.30167597765364,437.9888268156425,440.39106145251395,441.1731843575419,443.91061452513964,447.877094972067,448.9385474860335,450.50279329608935,451.9553072625698,453.6312849162011,456.03351955307267,458.15642458100564,458.32402234636874,460.4469273743017,461.340782122905,462.4581005586592,464.52513966480444,464.6927374301676,464.8603351955307,464.24581005586595,463.12849162011173,461.3966480446927,458.54748603351953,452.1787709497207,442.0670391061453,418.7709497206704,379.8882681564246,1.5083798882681565,2.6256983240223466,3.798882681564246,4.804469273743017,5.418994413407821,6.256983240223463,6.815642458100559,7.318435754189944,7.877094972067039,8.324022346368716,8.8268156424581,9.273743016759775,9.664804469273742,10.05586592178771,10.391061452513966,10.782122905027933,11.005586592178771,11.34078212290503,11.620111731843576,12.011173184357542,12.178770949720672,12.513966480446927,12.737430167597765,13.016759776536311,13.240223463687151,13.46368715083799,13.743016759776538,13.910614525139664,14.134078212290502,14.35754189944134,14.581005586592179,14.748603351955307,14.972067039106145,15.195530726256983,15.418994413407821,15.530726256983241,15.754189944134078,15.921787709497206,16.145251396648042,16.312849162011172,16.480446927374302,16.70391061452514,16.81564245810056,16.983240223463685,17.150837988826815,17.318435754189945,17.48603351955307,17.70949720670391,17.821229050279328,17.988826815642458,18.100558659217878,18.324022346368714,18.435754189944134,18.60335195530726,18.77094972067039,18.88268156424581,19.050279329608937,19.217877094972067,19.273743016759777,19.441340782122904,16329.329608938548,
385.58659217877096,386.6480446927374,386.87150837988827,387.76536312849163,389.7206703910615,391.06145251396646,392.7374301675977,393.4078212290503,395.1396648044693,396.7597765363128,398.3240223463687,400.0,401.50837988826817,402.513966480447,405.30726256983246,406.14525139664806,408.26815642458104,410.0558659217877,411.67597765363126,413.12849162011173,414.30167597765364,414.46927374301674,415.8100558659218,415.195530726257,415.30726256983235,415.02793296089385,414.2458100558659,414.30167597765364,412.1787709497207,410.33519553072625,406.42458100558656,400.44692737430165,392.9050279329609,377.65363128491623,345.7541899441341,1.7318435754189943,3.4078212290502794,4.860335195530726,5.58659217877095,6.70391061452514,7.4301675977653625,8.156424581005586,8.77094972067039,9.329608938547485,9.88826815642458,10.335195530726258,10.837988826815643,11.22905027932961,11.564245810055866,12.011173184357542,12.458100558659218,12.737430167597765,13.072625698324021,13.40782122905028,13.687150837988828,14.078212290502792,14.35754189944134,14.692737430167599,14.972067039106145,15.251396648044693,15.474860335195531,15.810055865921788,16.089385474860336,16.256983240223462,16.592178770949722,16.87150837988827,17.150837988826815,17.430167597765365,17.6536312849162,17.877094972067038,18.212290502793298,18.435754189944134,18.71508379888268,18.93854748603352,19.162011173184357,19.441340782122904,19.664804469273744,19.94413407821229,20.16759776536313,20.391061452513966,20.670391061452516,20.949720670391063,21.11731843575419,21.396648044692736,21.620111731843576,21.899441340782122,22.178770949720672,22.45810055865922,22.62569832402235,22.90502793296089,23.18435754189944,23.463687150837988,23.687150837988828,23.910614525139664,24.134078212290504,14984.022346368714,
397.9329608938548,399.66480446927375,401.1731843575419,402.5698324022346,403.3519553072626,404.3016759776536,407.3184357541899,408.26815642458104,410.391061452514,412.8491620111732,415.6424581005587,417.1508379888268,420.16759776536315,421.62011173184356,423.463687150838,426.14525139664806,427.9329608938547,429.32960893854744,431.0055865921788,434.5251396648045,436.64804469273747,439.10614525139664,440.50279329608935,440.83798882681566,440.4469273743017,441.8994413407822,443.07262569832403,441.7877094972067,442.5139664804469,441.9553072625698,442.4022346368715,438.1564245810056,436.48044692737426,428.7150837988827,403.9106145251397,1.899441340782123,3.2960893854748603,4.4692737430167595,5.363128491620111,6.089385474860336,6.759776536312849,7.318435754189944,7.821229050279329,8.324022346368716,8.659217877094973,9.106145251396649,9.497206703910615,9.88826815642458,10.167597765363128,10.446927374301676,10.837988826815643,11.005586592178771,11.28491620111732,11.564245810055866,11.843575418994414,12.067039106145252,12.346368715083798,12.569832402234637,12.737430167597765,13.016759776536311,13.29608938547486,13.40782122905028,13.687150837988828,13.910614525139664,14.134078212290502,14.35754189944134,14.581005586592179,14.804469273743017,14.972067039106145,15.195530726256983,15.418994413407821,15.586592178770951,15.865921787709498,16.033519553072626,16.201117318435752,16.424581005586592,16.648044692737432,16.87150837988827,17.094972067039105,17.318435754189945,17.430167597765365,17.6536312849162,17.877094972067038,18.100558659217878,18.324022346368714,18.54748603351955,18.71508379888268,18.93854748603352,19.162011173184357,19.329608938547484,19.608938547486034,19.83240223463687,20.0,20.223463687150836,15651.173184357542,,
514.3575418994413,516.5921787709498,518.6033519553073,520.8938547486033,522.68156424581,525.4189944134077,526.2011173184358,527.7094972067039,529.608938547486,531.6759776536313,533.6312849162011,536.9832402234637,540.0,542.1787709497207,544.0782122905028,546.927374301676,549.9441340782123,552.4581005586592,554.6368715083798,557.3743016759777,559.3296089385475,561.340782122905,561.731843575419,562.7374301675977,562.5139664804469,562.0111731843575,562.2905027932961,560.3351955307263,558.6033519553073,554.413407821229,547.5977653631285,540.2793296089385,523.9664804469274,487.8212290502793,423.463687150838,2.0670391061452515,4.022346368715084,5.251396648044693,6.480446927374302,7.653631284916202,8.547486033519553,9.441340782122905,10.167597765363128,10.837988826815643,11.452513966480446,12.122905027932962,12.681564245810057,13.184357541899441,13.687150837988828,14.189944134078212,14.692737430167599,15.139664804469273,15.586592178770951,15.921787709497206,16.312849162011172,16.75977653631285,17.150837988826815,17.48603351955307,17.877094972067038,18.268156424581004,18.54748603351955,18.93854748603352,19.273743016759777,19.608938547486034,19.88826815642458,20.223463687150836,20.502793296089386,20.782122905027933,21.11731843575419,21.396648044692736,21.675977653631286,22.011173184357542,22.234636871508382,22.51396648044693,22.84916201117318,23.07262569832402,23.407821229050278,23.687150837988828,23.910614525139664,24.134078212290504,24.469273743016757,24.748603351955307,24.972067039106143,25.251396648044693,25.53072625698324,25.75418994413408,25.92178770949721,26.256983240223462,26.424581005586592,26.70391061452514,26.98324022346369,27.206703910614525,27.430167597765365,27.709497206703908,27.932960893854748,19950.4469273743,
441.50837988826817,443.35195530726253,445.75418994413405,447.4301675977654,450.50279329608935,453.85474860335194,456.0893854748603,458.32402234636874,460.33519553072625,463.2402234636872,465.53072625698326,468.2122905027933,469.608938547486,471.8994413407821,474.35754189944134,478.37988826815644,479.4413407821229,483.1843575418995,484.18994413407825,486.2011173184357,488.93854748603354,491.0614525139665,491.11731843575416,490.89385474860336,492.6256983240224,493.5754189944134,494.30167597765364,496.08938547486036,496.53631284916196,495.30726256983235,493.5754189944134,491.731843575419,488.37988826815644,481.67597765363126,471.340782122905,445.75418994413405,2.1787709497206706,3.9106145251396645,5.083798882681564,5.810055865921788,6.815642458100559,7.4860335195530725,8.212290502793296,8.659217877094973,9.217877094972067,9.664804469273742,10.111731843575418,10.502793296089386,10.893854748603351,11.117318435754191,11.508379888268156,11.843575418994414,12.067039106145252,12.402234636871508,12.737430167597765,13.016759776536311,13.240223463687151,13.46368715083799,13.798882681564244,14.022346368715084,14.245810055865922,14.41340782122905,14.692737430167599,14.916201117318435,15.195530726256983,15.418994413407821,15.586592178770951,15.810055865921788,16.033519553072626,16.256983240223462,16.424581005586592,16.70391061452514,16.81564245810056,17.039106145251395,17.262569832402235,17.48603351955307,17.70949720670391,17.877094972067038,18.044692737430168,18.268156424581004,18.435754189944134,18.65921787709497,18.8268156424581,19.050279329608937,19.162011173184357,19.385474860335194,19.553072625698324,19.77653631284916,20.0,20.16759776536313,20.279329608938546,20.558659217877096,20.726256983240226,20.949720670391063,17923.798882681564,,
387.70949720670393,388.32402234636874,388.82681564245814,391.17318435754186,392.3463687150838,393.57541899441344,395.08379888268155,397.1508379888268,398.93854748603354,401.00558659217876,402.0670391061453,404.4134078212291,406.42458100558656,407.5418994413408,408.49162011173183,410.2234636871508,411.62011173184356,411.731843575419,415.02793296089385,416.81564245810057,418.0446927374302,419.21787709497204,419.88826815642454,420.94972067039106,421.1731843575419,421.0614525139665,421.731843575419,421.78770949720666,419.16201117318434,416.4804469273743,413.2960893854749,409.4413407821229,402.6256983240224,392.3463687150838,377.3743016759776,343.854748603352,1.8435754189944134,4.022346368715084,5.083798882681564,6.480446927374302,7.4301675977653625,8.324022346368716,9.217877094972067,9.832402234636872,10.558659217877095,11.061452513966481,11.620111731843576,12.234636871508378,12.681564245810057,13.184357541899441,13.687150837988828,14.134078212290502,14.52513966480447,14.972067039106145,15.363128491620111,15.810055865921788,16.145251396648042,16.536312849162012,16.92737430167598,17.318435754189945,17.6536312849162,18.044692737430168,18.379888268156424,18.77094972067039,19.050279329608937,19.385474860335194,19.77653631284916,20.16759776536313,20.446927374301676,20.837988826815643,21.1731843575419,21.508379888268156,21.843575418994412,22.178770949720672,22.51396648044693,22.84916201117318,23.24022346368715,23.631284916201118,23.966480446927374,24.245810055865924,24.581005586592177,25.027932960893853,25.363128491620113,25.69832402234637,26.089385474860332,26.480446927374302,26.81564245810056,27.206703910614525,27.653631284916198,27.932960893854748,28.324022346368714,28.77094972067039,29.05027932960894,29.553072625698324,29.94413407821229,15674.078212290504,
438.49162011173183,437.9329608938547,438.659217877095,439.2178770949721,440.5586592178771,440.5586592178771,441.2290502793296,442.6815642458101,444.30167597765364,446.20111731843576,448.1005586592179,449.608938547486,451.2290502793296,453.07262569832403,454.4692737430168,455.53072625698326,457.8212290502794,459.55307262569835,460.6703910614525,463.01675977653633,464.5810055865922,465.8100558659218,467.877094972067,469.38547486033514,469.94413407821224,470.44692737430165,470.50279329608935,470.05586592178776,468.0446927374302,465.3072625698324,462.122905027933,457.877094972067,452.9608938547486,444.41340782122904,436.25698324022346,413.79888268156424,376.7039106145251,1.1731843575418994,1.7318435754189943,2.1787709497206706,2.5139664804469275,2.793296089385475,3.072625698324022,3.35195530726257,3.4636871508379885,3.7430167597765363,4.022346368715084,4.189944134078212,4.41340782122905,4.636871508379888,4.860335195530726,5.195530726256983,5.5307262569832405,5.754189944134078,6.145251396648044,6.64804469273743,7.150837988826816,7.597765363128492,8.212290502793296,8.882681564245809,9.608938547486034,10.223463687150838,10.949720670391061,11.675977653631286,12.346368715083798,12.960893854748605,13.687150837988828,14.245810055865922,14.916201117318435,15.474860335195531,16.033519553072626,16.480446927374302,17.039106145251395,17.59776536312849,18.044692737430168,18.54748603351955,18.93854748603352,19.385474860335194,19.88826815642458,20.279329608938546,20.670391061452516,21.06145251396648,21.452513966480446,21.899441340782122,22.178770949720672,22.62569832402235,22.9608938547486,23.35195530726257,23.687150837988828,23.966480446927374,24.357541899441344,24.692737430167597,25.083798882681563,25.307262569832403,25.64245810055866,17453.519553072623,
494.5810055865922,495.8659217877095,497.2625698324022,497.9329608938547,499.2737430167598,501.00558659217876,502.0111731843575,502.8491620111732,503.79888268156424,504.86033519553075,506.0335195530726,507.8770949720671,509.55307262569835,511.4525139664804,514.0782122905027,515.754189944134,517.8212290502794,520.0558659217877,522.9608938547485,524.413407821229,525.8659217877095,527.7094972067039,528.3240223463687,530.6703910614525,531.2290502793296,530.5586592178771,529.8324022346369,528.9944134078212,526.1452513966481,524.9162011173185,520.2793296089386,513.6312849162011,504.18994413407825,485.02793296089385,451.6759776536313,1.675977653631285,2.6815642458100557,3.575418994413408,4.5251396648044695,5.251396648044693,5.921787709497207,6.592178770949721,7.206703910614525,7.709497206703911,8.212290502793296,8.77094972067039,9.217877094972067,9.608938547486034,10.111731843575418,10.502793296089386,10.837988826815643,11.1731843575419,11.564245810055866,11.899441340782124,12.178770949720672,12.513966480446927,12.793296089385475,13.128491620111731,13.35195530726257,13.631284916201118,13.854748603351954,14.134078212290502,14.41340782122905,14.581005586592179,14.860335195530725,15.083798882681565,15.363128491620111,15.474860335195531,15.698324022346368,15.921787709497206,16.145251396648042,16.368715083798882,16.536312849162012,16.70391061452514,16.983240223463685,17.094972067039105,17.262569832402235,17.48603351955307,17.6536312849162,17.821229050279328,17.877094972067038,18.100558659217878,18.212290502793298,18.435754189944134,18.54748603351955,18.71508379888268,18.88268156424581,19.050279329608937,19.162011173184357,19.273743016759777,19.329608938547484,19.497206703910614,19.608938547486034,19.72067039106145,18716.983240223464,,
508.93854748603354,510.55865921787705,511.78770949720666,513.6312849162011,514.6927374301677,515.9217877094973,516.9832402234637,518.7709497206704,521.7318435754189,525.0837988826815,526.6480446927374,528.9385474860335,529.7765363128491,531.2290502793296,533.2960893854748,534.9162011173185,536.9832402234637,540.1117318435754,542.7932960893854,545.0279329608938,545.8100558659218,547.4301675977654,549.217877094972,551.0055865921787,552.7374301675977,553.9106145251396,554.9162011173185,554.3575418994413,551.9553072625698,547.9329608938548,545.586592178771,538.4916201117319,526.4245810055866,510.55865921787705,475.86592178770945,1.8435754189944134,2.5139664804469275,3.4078212290502794,3.8547486033519553,4.41340782122905,4.692737430167598,5.027932960893855,5.251396648044693,5.4748603351955305,5.810055865921788,6.033519553072626,6.201117318435754,6.368715083798882,6.592178770949721,6.815642458100559,6.983240223463687,7.150837988826816,7.262569832402235,7.4301675977653625,7.597765363128492,7.821229050279329,7.877094972067039,8.044692737430168,8.156424581005586,8.324022346368716,8.435754189944134,8.547486033519553,8.659217877094973,8.8268156424581,8.938547486033519,8.994413407821229,9.162011173184357,9.273743016759775,9.385474860335195,9.497206703910615,9.608938547486034,9.608938547486034,9.776536312849162,9.88826815642458,10.0,10.05586592178771,10.223463687150838,10.335195530726258,10.391061452513966,10.502793296089386,10.670391061452513,10.670391061452513,10.837988826815643,10.893854748603351,11.005586592178771,11.061452513966481,11.1731843575419,11.28491620111732,11.34078212290503,11.39664804469274,11.508379888268156,11.620111731843576,11.675977653631286,11.787709497206704,19112.011173184357,,
530.6145251396648,529.8324022346369,530.1675977653631,531.340782122905,531.9553072625698,532.5698324022346,533.7430167597765,535.4748603351956,535.754189944134,536.2011173184358,537.3184357541899,538.1005586592179,538.8826815642458,539.608938547486,541.1731843575419,542.6256983240223,543.4636871508379,546.5921787709497,547.9329608938548,549.4972067039106,550.5586592178771,552.5139664804469,554.5251396648044,555.3072625698325,556.5921787709497,557.2067039106146,556.6480446927375,555.8659217877095,553.9106145251396,550.7821229050279,549.1620111731844,540.6145251396648,531.9553072625698,510.94972067039106,466.81564245810057,1.229050279329609,2.569832402234637,3.6871508379888267,4.636871508379888,5.307262569832402,6.201117318435754,6.815642458100559,7.318435754189944,7.988826815642458,8.435754189944134,8.938547486033519,9.497206703910615,9.776536312849162,10.223463687150838,10.614525139664805,10.949720670391061,11.28491620111732,11.620111731843576,11.955307262569832,12.290502793296088,12.569832402234637,12.905027932960895,13.240223463687151,13.575418994413408,13.798882681564244,14.078212290502792,14.46927374301676,14.692737430167599,15.027932960893855,15.307262569832403,15.586592178770951,15.865921787709498,16.145251396648042,16.424581005586592,16.70391061452514,16.983240223463685,17.318435754189945,17.59776536312849,17.821229050279328,18.100558659217878,18.435754189944134,18.60335195530726,18.88268156424581,19.162011173184357,19.441340782122904,19.664804469273744,20.0,20.223463687150836,20.446927374301676,20.726256983240226,21.005586592178773,21.284916201117316,21.508379888268156,21.787709497206702,22.011173184357542,22.234636871508382,22.51396648044693,22.73743016759777,22.9608938547486,23.24022346368715,19782.68156424581,
522.9608938547485,523.2402234636871,523.6871508379888,525.0837988826815,526.2569832402235,526.9832402234637,528.3798882681564,530.6703910614525,533.2402234636871,535.4748603351956,537.5977653631285,539.050279329609,541.1731843575419,543.5195530726257,545.8659217877096,547.6536312849162,550.0558659217877,550.7262569832402,553.4078212290502,554.7486033519554,556.0335195530726,555.8659217877095,556.4245810055866,557.2625698324022,558.6033519553073,559.0502793296089,558.8826815642458,559.2178770949721,558.0446927374302,557.0949720670391,556.927374301676,555.0279329608938,549.6648044692738,543.5195530726257,525.3631284916202,499.6648044692738,438.7150837988827,1.1731843575418994,1.6201117318435756,1.9553072625698322,2.458100558659218,2.7374301675977653,2.9608938547486034,3.184357541899441,3.4078212290502794,3.6871508379888267,3.9106145251396645,4.078212290502793,4.301675977653631,4.4692737430167595,4.636871508379888,4.916201117318436,5.139664804469274,5.363128491620111,5.69832402234637,5.977653631284916,6.312849162011173,6.70391061452514,7.094972067039106,7.5418994413407825,8.100558659217876,8.659217877094973,9.273743016759775,9.88826815642458,10.614525139664805,11.22905027932961,11.843575418994414,12.513966480446927,13.184357541899441,13.854748603351954,14.46927374301676,15.027932960893855,15.642458100558658,16.089385474860336,16.70391061452514,17.206703910614525,17.765363128491618,18.324022346368714,18.65921787709497,19.162011173184357,19.664804469273744,20.16759776536313,20.614525139664806,20.949720670391063,21.396648044692736,21.787709497206702,22.178770949720672,22.62569832402235,23.01675977653631,23.407821229050278,23.798882681564248,24.189944134078214,24.525139664804467,24.916201117318437,25.195530726256983,20701.117318435754,
523.2960893854749,523.8547486033519,524.7486033519552,525.586592178771,526.536312849162,527.877094972067,528.9944134078212,529.7206703910615,530.2234636871508,531.6201117318436,532.4581005586592,533.7430167597765,536.2011173184358,537.8212290502794,539.3296089385475,540.5586592178771,541.7877094972067,543.6871508379888,545.4189944134079,546.8715083798883,548.8268156424581,550.4469273743016,552.4581005586592,553.9106145251396,555.1396648044692,556.6480446927375,556.7039106145252,557.1508379888268,557.0391061452514,555.195530726257,553.7430167597765,553.2960893854748,550.5586592178771,542.6256983240223,535.5307262569833,517.7653631284916,490.39106145251395,1.8435754189944134,3.016759776536313,4.189944134078212,5.027932960893855,5.810055865921788,6.64804469273743,7.318435754189944,7.988826815642458,8.603351955307263,9.217877094972067,9.776536312849162,10.223463687150838,10.726256983240223,11.1731843575419,11.508379888268156,12.011173184357542,12.458100558659218,12.793296089385475,13.184357541899441,13.575418994413408,13.910614525139664,14.134078212290502,14.52513966480447,14.860335195530725,15.139664804469273,15.474860335195531,15.754189944134078,16.089385474860336,16.368715083798882,16.592178770949722,16.87150837988827,17.150837988826815,17.430167597765365,17.6536312849162,17.932960893854748,18.212290502793298,18.435754189944134,18.71508379888268,18.93854748603352,19.162011173184357,19.329608938547484,19.608938547486034,19.88826815642458,20.05586592178771,20.223463687150836,20.502793296089386,20.726256983240226,20.837988826815643,21.06145251396648,21.340782122905026,21.508379888268156,21.675977653631286,21.899441340782122,22.067039106145252,22.234636871508382,22.45810055865922,22.62569832402235,20826.256983240222,,
457.3743016759776,458.2122905027933,460.39106145251395,462.0111731843576,462.9608938547486,463.4078212290503,466.5921787709497,468.82681564245814,471.6201117318436,474.8603351955307,478.54748603351953,481.6201117318436,483.96648044692733,485.08379888268155,487.3184357541899,490.6145251396648,493.51955307262574,496.08938547486036,497.1508379888268,499.32960893854744,501.4525139664804,503.68715083798884,505.7541899441341,507.76536312849163,508.37988826815644,511.0055865921788,512.3463687150838,513.1843575418994,511.8994413407822,510.4469273743017,508.8268156424581,504.2458100558659,499.10614525139664,488.9944134078212,469.10614525139664,430.3351955307263,1.3966480446927374,2.569832402234637,3.4636871508379885,4.189944134078212,4.916201117318436,5.363128491620111,5.921787709497207,6.368715083798882,6.871508379888269,7.206703910614525,7.653631284916202,8.044692737430168,8.435754189944134,8.8268156424581,9.217877094972067,9.553072625698324,9.88826815642458,10.279329608938548,10.670391061452513,11.005586592178771,11.39664804469274,11.843575418994414,12.178770949720672,12.625698324022347,13.072625698324021,13.46368715083799,13.910614525139664,14.41340782122905,14.804469273743017,15.251396648044693,15.642458100558658,16.089385474860336,16.536312849162012,16.92737430167598,17.430167597765365,17.877094972067038,18.268156424581004,18.71508379888268,19.106145251396647,19.441340782122904,19.88826815642458,20.223463687150836,20.614525139664806,21.005586592178773,21.340782122905026,21.731843575418996,22.011173184357542,22.40223463687151,22.79329608938548,23.18435754189944,23.463687150837988,23.854748603351958,24.078212290502794,24.469273743016757,24.804469273743017,25.083798882681563,25.418994413407823,25.75418994413408,25.97765363128492,18414.972067039107,
474.7486033519553,475.4189944134078,476.6480446927374,479.3854748603352,480.94972067039106,484.0223463687151,486.4804469273743,489.72067039106145,492.1787709497207,495.8659217877095,499.16201117318434,503.4078212290503,506.4245810055866,509.44134078212295,512.1787709497206,514.5251396648044,517.2625698324023,520.6703910614525,524.245810055866,525.9217877094973,529.4413407821229,530.7262569832402,532.0670391061452,534.5810055865921,537.6536312849162,539.3854748603352,540.1675977653631,539.7765363128491,538.6033519553073,536.6480446927374,535.2513966480446,530.5586592178771,525.0837988826815,515.0279329608938,499.9441340782123,471.45251396648047,418.2122905027933,1.7318435754189943,3.4636871508379885,4.860335195530726,6.256983240223463,7.374301675977653,8.379888268156424,9.329608938547485,10.223463687150838,11.005586592178771,11.675977653631286,12.458100558659218,13.128491620111731,13.854748603351954,14.41340782122905,14.972067039106145,15.586592178770951,16.089385474860336,16.592178770949722,17.094972067039105,17.59776536312849,18.100558659217878,18.54748603351955,18.99441340782123,19.385474860335194,19.88826815642458,20.223463687150836,20.614525139664806,21.005586592178773,21.396648044692736,21.787709497206702,22.067039106145252,22.51396648044693,22.84916201117318,23.18435754189944,23.519553072625698,23.854748603351958,24.189944134078214,24.469273743016757,24.860335195530727,25.139664804469273,25.47486033519553,25.75418994413408,26.033519553072622,26.312849162011172,26.64804469273743,26.92737430167598,27.150837988826815,27.486033519553075,27.765363128491618,27.988826815642458,28.268156424581004,28.547486033519554,28.8268156424581,28.99441340782123,29.329608938547487,29.553072625698324,29.83240223463687,30.11173184357542,19986.927374301675,
514.8603351955308,516.3128491620112,517.9329608938548,520.2793296089386,522.4581005586592,524.9162011173185,527.7094972067039,528.6033519553073,531.340782122905,533.072625698324,535.6983240223464,537.1508379888268,541.2849162011173,546.2011173184358,549.8882681564246,551.6759776536312,556.3687150837989,558.8826815642458,561.731843575419,564.3575418994413,567.2625698324022,570.2234636871508,571.0055865921788,573.0167597765363,574.413407821229,574.5810055865923,575.4189944134079,573.9106145251396,574.0223463687151,572.2346368715084,570.1117318435754,564.1340782122904,548.8826815642458,527.2067039106145,478.3240223463687,1.1173184357541899,2.7374301675977653,4.078212290502793,5.083798882681564,5.754189944134078,6.64804469273743,7.206703910614525,7.709497206703911,8.212290502793296,8.659217877094973,9.162011173184357,9.608938547486034,10.0,10.335195530726258,10.837988826815643,11.005586592178771,11.452513966480446,11.843575418994414,12.178770949720672,12.569832402234637,12.905027932960895,13.240223463687151,13.631284916201118,14.022346368715084,14.35754189944134,14.804469273743017,15.083798882681565,15.474860335195531,15.865921787709498,16.201117318435752,16.648044692737432,17.039106145251395,17.430167597765365,17.877094972067038,18.379888268156424,18.71508379888268,19.162011173184357,19.553072625698324,20.05586592178771,20.391061452513966,20.893854748603353,21.396648044692736,21.787709497206702,22.234636871508382,22.68156424581006,23.24022346368715,23.631284916201118,24.078212290502794,24.581005586592177,25.083798882681563,25.64245810055866,25.97765363128492,26.480446927374302,26.92737430167598,27.430167597765365,27.877094972067038,28.379888268156424,28.77094972067039,29.329608938547487,29.72067039106145,20158.659217877095,
468.32402234636874,468.8826815642458,469.7206703910615,471.56424581005587,473.01675977653633,474.35754189944134,475.47486033519556,477.76536312849163,479.9441340782123,482.51396648044687,484.804469273743,487.9888268156424,491.4525139664804,492.5698324022346,495.41899441340786,498.4357541899442,499.5530726256983,502.7374301675978,505.4748603351955,507.4301675977654,509.72067039106145,510.67039106145256,512.5139664804469,513.4078212290502,515.0279329608938,515.8659217877095,516.8715083798883,517.3743016759777,519.2737430167598,518.7150837988827,517.9329608938548,515.4748603351956,510.7262569832402,505.3072625698324,495.53072625698326,481.45251396648047,450.5586592178771,397.3184357541899,1.899441340782123,3.4636871508379885,4.860335195530726,5.64245810055866,6.592178770949721,7.318435754189944,8.044692737430168,8.547486033519553,9.217877094972067,9.776536312849162,10.279329608938548,10.782122905027933,11.117318435754191,11.564245810055866,12.011173184357542,12.458100558659218,12.737430167597765,13.072625698324021,13.46368715083799,13.798882681564244,14.078212290502792,14.41340782122905,14.692737430167599,14.972067039106145,15.307262569832403,15.530726256983241,15.865921787709498,16.089385474860336,16.368715083798882,16.648044692737432,16.92737430167598,17.094972067039105,17.374301675977655,17.59776536312849,17.877094972067038,18.044692737430168,18.268156424581004,18.491620111731844,18.71508379888268,18.93854748603352,19.162011173184357,19.329608938547484,19.553072625698324,19.77653631284916,20.0,20.16759776536313,20.391061452513966,20.558659217877096,20.782122905027933,20.949720670391063,21.11731843575419,21.340782122905026,21.508379888268156,21.675977653631286,21.843575418994412,22.067039106145252,22.234636871508382,19603.575418994413,
477.76536312849163,479.1620111731844,481.11731843575416,483.072625698324,485.2513966480447,486.5921787709497,488.1005586592179,490.94972067039106,494.0782122905028,495.6424581005586,499.60893854748605,502.0670391061453,504.0782122905028,505.81005586592175,507.76536312849163,510.27932960893855,512.8491620111731,515.2513966480446,516.8715083798883,519.4972067039106,521.9553072625698,523.5754189944134,525.9217877094973,526.7597765363129,527.8212290502794,528.1564245810056,528.7150837988827,528.9944134078212,528.9385474860335,527.1508379888268,524.245810055866,517.31843575419,511.1731843575419,499.60893854748605,480.6703910614525,444.86033519553075,2.5139664804469275,3.798882681564246,4.916201117318436,5.754189944134078,6.70391061452514,7.374301675977653,8.044692737430168,8.603351955307263,9.217877094972067,9.776536312849162,10.167597765363128,10.670391061452513,11.005586592178771,11.452513966480446,11.843575418994414,12.178770949720672,12.569832402234637,12.905027932960895,13.184357541899441,13.575418994413408,13.854748603351954,14.134078212290502,14.41340782122905,14.692737430167599,14.972067039106145,15.195530726256983,15.474860335195531,15.754189944134078,15.977653631284916,16.312849162011172,16.424581005586592,16.75977653631285,16.92737430167598,17.206703910614525,17.430167597765365,17.59776536312849,17.821229050279328,18.044692737430168,18.268156424581004,18.491620111731844,18.71508379888268,18.93854748603352,19.106145251396647,19.273743016759777,19.497206703910614,19.72067039106145,19.88826815642458,20.05586592178771,20.279329608938546,20.446927374301676,20.670391061452516,20.893854748603353,21.11731843575419,21.22905027932961,21.452513966480446,21.620111731843576,21.787709497206702,22.011173184357542,19080.391061452512,,
460.33519553072625,461.5083798882681,462.29050279329607,463.96648044692733,465.1396648044693,467.70949720670393,469.2737430167598,471.06145251396646,473.4078212290503,475.2513966480447,476.5921787709497,480.44692737430165,483.1843575418995,485.30726256983246,487.5418994413408,488.43575418994413,491.62011173184356,494.5251396648045,496.64804469273747,497.9329608938547,498.8826815642458,500.7262569832402,501.8435754189944,502.8491620111732,501.67597765363126,502.5139664804469,502.0670391061453,501.8435754189944,499.32960893854744,496.9832402234637,491.56424581005587,483.4078212290502,468.15642458100564,442.6815642458101,391.5083798882681,1.8435754189944134,3.6871508379888267,4.916201117318436,5.810055865921788,6.871508379888269,7.765363128491621,8.491620111731843,9.329608938547485,9.88826815642458,10.558659217877095,11.061452513966481,11.508379888268156,12.122905027932962,12.513966480446927,12.960893854748605,13.46368715083799,13.798882681564244,14.301675977653632,14.692737430167599,14.972067039106145,15.418994413407821,15.754189944134078,16.033519553072626,16.480446927374302,16.75977653631285,17.094972067039105,17.374301675977655,17.70949720670391,18.044692737430168,18.324022346368714,18.54748603351955,18.8268156424581,19.162011173184357,19.385474860335194,19.664804469273744,19.88826815642458,20.16759776536313,20.446927374301676,20.670391061452516,20.893854748603353,21.1731843575419,21.452513966480446,21.675977653631286,21.843575418994412,22.122905027932962,22.3463687150838,22.56983240223464,22.79329608938548,23.01675977653631,23.24022346368715,23.463687150837988,23.687150837988828,23.854748603351958,24.134078212290504,24.245810055865924,24.469273743016757,24.748603351955307,24.916201117318437,25.083798882681563,25.363128491620113,17871.62011173184,
472.9608938547486,475.3072625698324,477.59776536312853,479.2737430167598,482.2905027932961,485.5307262569832,487.4860335195531,490.39106145251395,492.5139664804469,495.3631284916201,497.9888268156424,500.2234636871508,502.7374301675978,505.58659217877096,507.54189944134083,509.6648044692737,511.1731843575419,513.1284916201117,515.3072625698323,516.536312849162,517.9888268156425,519.5530726256983,521.2849162011173,522.2905027932961,523.7988826815642,524.1899441340781,524.804469273743,524.0782122905027,523.6312849162011,522.68156424581,521.5642458100558,519.050279329609,516.0893854748604,509.2737430167598,492.0670391061453,464.0782122905028,399.60893854748605,1.675977653631285,3.184357541899441,4.41340782122905,5.363128491620111,6.312849162011173,7.094972067039106,7.765363128491621,8.379888268156424,8.938547486033519,9.553072625698324,10.05586592178771,10.446927374301676,10.893854748603351,11.061452513966481,11.564245810055866,11.899441340782124,12.234636871508378,12.513966480446927,12.849162011173185,13.184357541899441,13.46368715083799,13.743016759776538,14.022346368715084,14.189944134078212,14.46927374301676,14.748603351955307,14.972067039106145,15.195530726256983,15.418994413407821,15.642458100558658,15.865921787709498,16.089385474860336,16.312849162011172,16.480446927374302,16.648044692737432,16.81564245810056,17.039106145251395,17.262569832402235,17.430167597765365,17.59776536312849,17.765363128491618,17.988826815642458,18.100558659217878,18.324022346368714,18.491620111731844,18.65921787709497,18.77094972067039,18.99441340782123,19.106145251396647,19.273743016759777,19.441340782122904,19.608938547486034,19.72067039106145,19.88826815642458,20.05586592178771,20.223463687150836,20.335195530726256,20.558659217877096,19402.7374301676,
