1,3,5,7,9,11,13,15,17,19,21,23,25,27,29,31,33,35,37,39,41,43,45,47,49,51,53,55,57,59,61,63,65,67,69,71,73,75,77,79,81,83,85,87,89,91,93,95,97,99,101,103,105,107,109,111,113,115,117,119,121,123,125,127,129,131,133,135,137,139,141,143,145,147,149,151,153,155,157,159,161,163,165,167,169,171,173,175,177,179,181,183,185,187,189,191,193
0.02338422922778965,0.024164051491760975,0.023897152066404463,0.02389755049879359,0.02241213227993256,0.02079036049478599,0.01960036096018626,0.01713209397593844,0.01540520522782176,0.015257268329390061,0.015509049101128098,0.015192460909681045,0.015139569039846703,0.01489188130957248,0.014099396865954085,0.01116086015325806,0.01218383565120641,0.011904386003738221,0.010388408192939224,0.009835843581148626,0.01136890886536572,0.012515324749867808,0.013330791557751397,0.013275799624361857,0.013224762831618211,0.014286428879229696,0.015675290008735264,0.013882642605525014,0.01418244923218687,0.01314574999448672,0.013487117861876419,0.01606897438931399,0.019894675588626138,0.021476889604824703,0.037636743252218,0.5161601676881228,0.5029684855436681,0.3553209367606526,0.3405988014865831,0.4176789060442796,0.36214072395871194,0.1892424198387778,0.17553369761145987,0.15356936125352869,0.12308379762959513,0.10132138961659405,0.19132537710716505,0.13349936457068592,0.22920058885128533,0.20884150942558832,0.5597781631760703,0.3615136706589851,0.189665552094218,0.1582972149085772,0.20614440352453742,0.1539539569347455,0.10665078281124053,0.13800990730014134,0.10003054018330132,0.10495461380239206,0.06476527098587267,0.061860413211126765,0.08557455310617346,0.06566501735527332,0.057444888690969635,0.05825232056011265,0.05560199513794013,0.05474499314841975,0.06062858417960886,0.04897030655400459,0.05703608622479326,0.043941442906571676,0.05286161508648118,0.035515673782020384,0.03349696470319591,0.038767748679002664,0.04059984524658422,0.03176604922054903,0.0467847487763375,0.030878540336677054,0.03865075917809086,0.026031393050536342,0.03149060877404193,0.027697597957441002,0.02747977049710131,0.03762063978042154,0.0290491526500304,0.02826376715365344,0.03045260835506556,0.03131287930772881,0.03376415872886008,0.025808957055016683,0.02836195395653439,0.021114251346269878,0.016,,
0.0253039241790239,0.025247112141482852,0.023106219303508212,0.021514203557032454,0.020796812746596005,0.0201536722109267,0.02175481088471164,0.02112762952072078,0.018870329551856104,0.020429866765641458,0.020853489495806562,0.018372773887987623,0.01903671284346401,0.020159881775966053,0.019439621858081475,0.01880889239325745,0.016736032012278378,0.01777729297171088,0.01824937898210168,0.014742163278320636,0.014997545688786236,0.014310793632952271,0.014798073431109771,0.01663129374969552,0.016996181726284355,0.0176784354851465,0.017170684921958366,0.015343338946311522,0.016731508985864615,0.01925834719919574,0.020988222760998796,0.022351809310766708,0.022944355086366105,0.029848607384601333,0.03675554657353318,0.6289618891700779,0.4420156232275795,0.411760489602036,0.3276207660825341,0.2853576071502986,0.3989463965468958,0.3814423619316195,0.2567941276936596,0.23648444932387525,0.21008301922619768,0.1963739727029609,0.13859765458336554,0.11094870730560558,0.09457993390643685,0.09652109435038529,0.09328666846532879,0.0718457270006074,0.0717991092237094,0.07896128923375796,0.07837749956690655,0.06782165368000462,0.05973275021979113,0.06872766430354138,0.05822175811418277,0.06384734048955104,0.06349315649509915,0.040664760433562874,0.05436528987502868,0.06680626511884247,0.04947068986337481,0.04000230861768512,0.041687353264336605,0.041215863170391887,0.04331223884104535,0.041076050656481615,0.04497795434071395,0.03495436705229975,0.04482345547745078,0.03817356443197009,0.03838492206882823,0.039260494132694355,0.04310399099261749,0.0405434874872948,0.03669612289481028,0.03319572489546775,0.034396863908149694,0.029694847391969027,0.03818509588391898,0.03305377515502279,0.028242730884212735,0.03420793728976512,0.027528228236405185,0.03293685927420822,0.028905812699122912,0.037199014849094894,0.03653789752502363,0.03731740879162938,0.03085371820399333,0.03292267391512985,0.029192897496262582,0.02,
0.021478135678317665,0.020690140250087592,0.01967109949780018,0.019293039023082194,0.019561198903069954,0.016725532232236887,0.0154983411997241,0.014948638452701911,0.01426512338368736,0.015440491437483009,0.01601885084369959,0.016217888282750538,0.012498440386763593,0.01081539052387852,0.009578362662790227,0.00937280886802562,0.007766849791011735,0.006037694959730756,0.006837700068330614,0.008393334395843123,0.010935277168389764,0.013904894123962055,0.014493252549686406,0.01340172586176399,0.012189190845336833,0.01177761487731418,0.013246114872112304,0.011224844220651741,0.011949558961182235,0.014167333066805054,0.017560316592936134,0.019284813716583124,0.021732272155950333,0.02860802680839655,0.03247167998497127,0.3810195068475942,0.449403069478087,0.4995893854093143,0.2998879682544895,0.40194268678414147,0.3033168960472218,0.42604165530054,0.4658274843823948,0.18355623013968403,0.2694660724694242,0.25726968316707666,0.3156739958490759,0.38399395600921793,0.31870379877593796,0.33227880572859136,0.3051976565461483,0.3054236296080698,0.25123341119447506,0.4959905818276268,0.3804217364572452,0.17963522500313397,0.203797825140748,0.17656009739271267,0.12456235643477544,0.13668309949690435,0.1114249287593424,0.09380442638350661,0.10721197021736946,0.10734298712093868,0.07522860781150954,0.07932227876180016,0.04608220645674005,0.06058435043956089,0.06210496822780447,0.06082900728869815,0.05302679264285346,0.05858687680698516,0.07089894825972223,0.05249611409190215,0.039137916933848785,0.04725902502217656,0.0489934287453165,0.0444358953173683,0.04496036633367551,0.0445644071870402,0.028617882199075947,0.050875453056992516,0.03700027306508955,0.03540698658842243,0.05479556964616356,0.03705962869430159,0.026519125121370352,0.03401638851768036,0.030631947435916164,0.03187515888007184,0.02999896123563564,0.029611904299645834,0.030295749074735107,0.029172158561775817,0.02994135825771687,0.015,
0.02114078414534717,0.020750190270582478,0.02148885895386178,0.021851797884636,0.022668886566908398,0.02234507634492975,0.020883801654052125,0.020713354024184276,0.018673512390441082,0.01943863800921203,0.019326571970319784,0.020443151230378185,0.02040010383449942,0.02129748188653849,0.020479238529598643,0.01956029061340086,0.019250549593245823,0.018617009510414055,0.018012007865915402,0.0188048748840515,0.019512667228775697,0.018445679926913667,0.0185499679065716,0.019944970188052746,0.01931490195955597,0.01812735889322565,0.01759739041387477,0.01915957172518434,0.01810020011064421,0.020717970692051623,0.025111837049148284,0.026319113469281157,0.022504443664875806,0.027600150140142846,0.5946454427794658,0.5456194057642261,0.43536882179493136,0.4727121448266414,0.32441744312988036,0.36787420287919037,0.40386100093304655,0.2903273276880092,0.40639624871613794,0.7774291131346112,0.6104624761732413,0.3008364921292462,0.22568480157370224,0.20366106815718876,0.14930916203553696,0.16498656794746158,0.11355883461752991,0.12121360774343659,0.1113289569707542,0.11202672647093044,0.11024682188717783,0.08729230583912295,0.09808810854334764,0.07456660976803366,0.07734117835884857,0.05656847072375055,0.08734465832228681,0.057685619105309165,0.07384253255180115,0.0585445213916827,0.061280895873021,0.06234208406814147,0.05654445882815727,0.05727898364464508,0.05553623595993587,0.06329876918217812,0.046436292753454025,0.052526847667537825,0.04281408901043814,0.04211871998067945,0.04641129583978992,0.030983415694865405,0.03616226252453148,0.026757614711747927,0.04061662487696917,0.03069468917980153,0.035834763442530275,0.0416838787408867,0.03504603452576154,0.037225390890086904,0.027518079654712476,0.03026238001284337,0.02818799872229022,0.028058058497798983,0.03517521739232703,0.029091408410179247,0.03248750087686633,0.029786327324629568,0.02947733991028446,0.028130208030202167,0.02,,
0.017710867551250717,0.01700111389148508,0.01647445739955005,0.015544022814644051,0.015195162023068599,0.013975944392282336,0.015317266643183457,0.013746081683365488,0.014494914644453145,0.01760337343676151,0.017186737098593523,0.016762821756034392,0.015272773003917014,0.01352533971361454,0.012943742219889975,0.012109368290551915,0.009295681330920359,0.010354425907550422,0.011369846087818969,0.008496469393864586,0.008885925566657984,0.008673375331992899,0.007975182119906422,0.006578473808897887,0.00801030076854761,0.00956499868899332,0.010021982596736836,0.012648674910443488,0.01228419298138955,0.0175742330376623,0.020498126810161395,0.022037580852281972,0.023308114797038107,0.027553483663136723,0.030770668010904494,0.5711349593096744,0.37281172131265106,0.4161414231377229,0.3036372813971178,0.3161641130862121,0.3596091933648869,0.40082083523497636,0.6288203417389518,0.36834150069326854,0.22850588823951976,0.15238732918467723,0.1213869104956907,0.11931709999467538,0.0738148569740942,0.08016964770872027,0.05862830961873766,0.05975348138959503,0.06156869774318683,0.04794950857323642,0.0673658565357479,0.05780965370954082,0.04841507188362576,0.06158674291331849,0.059063897547811224,0.046903345520321174,0.05668356808059409,0.053470929130930975,0.0374209421764935,0.02874165437992546,0.044819613139883106,0.047686822967660865,0.044988779506835844,0.03896575252625748,0.03972638772794705,0.03694217495364136,0.036224495615434386,0.032080376214250216,0.02698250191589602,0.03127563606422946,0.031417974367628235,0.030225371386934926,0.029290025170400514,0.02846145980083277,0.03190205527689279,0.025169813293276187,0.025219998035483665,0.025105658952282384,0.021989237289384466,0.02091036550827779,0.02107460893826298,0.02022480066255604,0.018508246268920624,0.020736199365299374,0.021955257207711534,0.019053931987864408,0.01927118867810425,0.018627538399146076,0.016220803155565306,0.018333238129304714,0.014,,
0.01356380330371502,0.01284492881758936,0.013041085269259196,0.013537296518983537,0.013515122034655973,0.013007657766313336,0.01389672528627301,0.014263336104383694,0.015062611398831076,0.015368638208623782,0.014971266907142757,0.014400822769671504,0.014064972785868426,0.014207273441558775,0.014138900017082463,0.01435649464357935,0.011850080958168729,0.013392530425627347,0.011643939095318452,0.009917982932240377,0.009484917268504148,0.010018855516126683,0.008888349350348204,0.01189017322308339,0.011517972561469221,0.015656423365370684,0.01697561469643534,0.020298644921779237,0.020194953958601217,0.019556477194443304,0.02303859390492796,0.025273793547596866,0.024639252976152114,0.023574811233133194,0.023249043668347485,0.019242982857533987,0.02411692537589391,0.028919847887823206,0.12860649859560777,0.1083174590419766,0.1403298203263801,0.2726229605409006,0.5320300044171481,0.9894919496347057,0.9858320208811925,0.7285718301345331,0.7893423684750962,0.1903941596628948,0.6949125493089332,0.5158778824527223,0.3343325378439991,0.5814681145845013,0.7228214912606741,0.6164343857319049,0.7412586770283407,0.8336371094464289,0.5642296787877167,0.5509555493035181,0.49044471062988765,0.4289898031453732,0.3240259117747457,0.37299614131547176,0.24600325717559407,0.4044382036651561,0.49981448939750706,0.2251731306176571,0.214684869012837,0.18610153396575024,0.2021763841955006,0.13684389428188656,0.12494398401394315,0.1405908829664888,0.09320771167972834,0.09058104222298426,0.09907469988463194,0.08768683848298184,0.06856587128397895,0.06256452113771818,0.07323059538085411,0.06570386939562918,0.045564493128995166,0.06427122460772847,0.057711082217044664,0.047655650634838634,0.06053773068706236,0.047566189433062636,0.04910741192000554,0.0391517590765846,0.04403475662087565,0.03549739089650534,0.03545682225011598,0.03354222319951079,0.03967787728575717,0.030769798929610338,0.03067561023108625,0.02835705968843735,0.016
0.02472998542291792,0.02318633509622716,0.023798269051539294,0.02170705061456311,0.021588865311348564,0.019906245603822075,0.02060712606883399,0.019396102106445733,0.019387608688245055,0.018220335589240133,0.018704726940025198,0.018299182891484026,0.01696635638299899,0.01774097624403057,0.018946325060865445,0.019444689026296272,0.018100953315689738,0.01709972742307752,0.01779091973751045,0.018445733056745326,0.01814967848419575,0.01962891172684391,0.019874633524074873,0.021579649620401993,0.02171111335161334,0.02156979458877779,0.020930260629289273,0.0219700564716095,0.021503563528776044,0.022619931834256,0.022443938065470407,0.02428488627598292,0.026109728070251925,0.030537897938091346,0.026283637723797312,0.5134300872889916,0.4957406790384682,0.3851458627809688,0.3023363116774127,0.3428972132575467,0.4415915044394344,0.4907890585257467,0.2693507535746393,0.21823422367274428,0.15143281364689595,0.14116896825429276,0.10965806135607516,0.09925088395038023,0.10544110758196525,0.07424593319519794,0.0712885884038473,0.060147420309731844,0.06047970778520817,0.05712534804457557,0.05474400659489132,0.04209013505824339,0.05922041023014182,0.04500125119727069,0.04476680375828301,0.03739345881703482,0.03656772921013486,0.0341049149397397,0.03356628964123459,0.03593439526979969,0.03650877535289461,0.03507797206726361,0.026643064192213,0.031696787825924985,0.029760324625468543,0.02419264746502873,0.023098516023883305,0.026283940496836546,0.027487116482501166,0.027431536061252357,0.02184172045829155,0.027273047057536866,0.026108075048527465,0.02122572305172626,0.020652347941474376,0.02188779045136078,0.018491412718840545,0.01920513331355466,0.020053698889693036,0.01663807433439567,0.018495467403973394,0.0201012705028333,0.017264179900604918,0.01926435465084243,0.020545788206804073,0.014634193532165012,0.013970739806368624,0.017922920520598205,0.017024852895386876,0.01791721227659041,0.01688122340745286,0.02,
0.027500196272962702,0.0277817613857478,0.02718543100943924,0.02601022015075892,0.025005093945917437,0.02365416987880447,0.022358256842913784,0.021795249428200242,0.021387127283651566,0.02175572439656614,0.02203337684742602,0.0213909973005397,0.02153472129930382,0.021552735171930872,0.020735567223390088,0.0198130319800805,0.019510242718479787,0.01866468856416805,0.01893193911474505,0.019448870173481153,0.02024244244666553,0.020690362915682686,0.020680004839572844,0.020642626744132416,0.020721432042889797,0.020397948798015937,0.022107702971512745,0.021852358601226005,0.02287757843101255,0.02036212104757164,0.02427228636383463,0.023012427822617858,0.026977428057793577,0.03989378734060008,0.04836436191343426,0.027876058676444476,0.6412575698025863,0.3986994730932927,0.4023630800322511,0.2303112446979141,0.2255310430235804,0.24630323985868346,0.23908638614881442,0.6271346275030325,0.32609971189970766,0.21937361534393723,0.11722900556825384,0.14764032497824933,0.14050874122400744,0.15420476863192356,0.16524042939813252,0.09444620365642101,0.11820347681310293,0.09989851288438166,0.08248923476970504,0.10472349660945672,0.11106215337922341,0.08778844497077756,0.09258173176965649,0.08307872379640566,0.09353661884618943,0.08385022361443904,0.07616516470183095,0.10515251766575828,0.06051565126099437,0.09054056007195473,0.07530794184634944,0.07425203625555933,0.07659352592276435,0.08354058537690291,0.05110785959817263,0.0627461769729688,0.07339211167740407,0.0673258104258035,0.06312727472143427,0.06502510933208634,0.05832747955300893,0.05803590888922965,0.059950075670754714,0.07712729626761207,0.07272570822391207,0.0689391194027898,0.0719838550504811,0.07004384220332961,0.055938120191758874,0.06834019007386354,0.061003874740483625,0.07159580662620983,0.060553254859610196,0.043829861317857106,0.057339831152128554,0.05959001382527746,0.06277007934908345,0.06608909470253051,0.05144695651430415,0.024,
0.02627070771235465,0.026658506807219963,0.027457927531013344,0.027182038000290443,0.02719161840698475,0.02753239998626819,0.026966376317485583,0.02575121030168278,0.023960160612089557,0.02297532259156704,0.021194718471197454,0.021405145253852863,0.021111074457820737,0.021152790504628892,0.02226390794124905,0.021870891634746148,0.022610790343083585,0.02160403590280443,0.021776973222865186,0.022360900238838192,0.021427988842545237,0.019511760169717122,0.0187112856316131,0.018597279009074083,0.01757394332112368,0.017848077931367914,0.01897546894721556,0.02031568788155665,0.02102952982345276,0.022849021263865725,0.02054312084656711,0.023775134051857914,0.024372610484608478,0.029089573444039757,0.03269759935779411,0.02809707271191296,0.4632374589670783,0.3978304955791573,0.3124457884836108,0.27726428386196567,0.3138544498701726,0.2982863581521218,0.26436726044424014,0.2432024968279563,0.2643884284051527,0.14157141378015675,0.20827817118402467,0.20680489624555254,0.16353815292347568,0.16598515985728415,0.1522545946905683,0.12143069134542338,0.1091236235124708,0.128744326239102,0.22960733849834739,0.7889230021268943,0.8405481555832675,0.2848332665704186,0.18296269082092967,0.08267578942838713,0.08380467076645873,0.10842060182480656,0.09533234590385861,0.09947371016281781,0.08329700244435378,0.08496207630147033,0.062112658832728714,0.05993150858648188,0.0757179975191694,0.08695160520293971,0.07320627713171465,0.06390795282158314,0.060034578208076096,0.04923168109389431,0.07030506300965748,0.06749757317913378,0.05371258164351727,0.05942980490703568,0.05913367907227591,0.05906550400456849,0.05130490477779863,0.0629566491223201,0.06570336694452496,0.05456528691105175,0.06079230728500198,0.05370591290528684,0.04923121910866812,0.03427098025678219,0.04694109726330175,0.045924428304298444,0.04148166151572167,0.04241971976428397,0.047869579804433356,0.036028502557003156,0.04849097055768266,0.022,
0.02366469654402449,0.022436461827380957,0.021601590161596625,0.021202435984938307,0.021278549821723048,0.020130505919960656,0.019385828211905206,0.01799480031708891,0.018951257638778234,0.01763691097927192,0.016654044676257997,0.016149731199227857,0.014811564348510501,0.015524405616751719,0.015308889915447323,0.016943204784264566,0.01605548159260299,0.01606166551165198,0.013028793877550874,0.013760701349805723,0.015205346868107796,0.016280232997591633,0.016277792158055773,0.01584151741460419,0.014330401774169188,0.01586979627200454,0.015759929115618635,0.015580595495239364,0.016992956338992986,0.017003670060615816,0.019765286922391233,0.019370866520544244,0.02297473079726434,0.022924826252006734,0.02868611732898696,0.04973215207316874,0.606528894958155,0.5821294169532303,0.43268492616332604,0.4284240454002843,0.29680123736656644,0.385810725753841,0.2946573108404919,0.3389994080844756,0.6166289608257346,0.6290847924122505,0.2971551276143806,0.19557550827556142,0.19012871224044248,0.15848591089966868,0.15506906427711492,0.14549006242025045,0.11029893164428756,0.10861257604696814,0.10190336875852857,0.10844690485820023,0.08915358336282769,0.07751891893055773,0.07890904896731743,0.07034129376715188,0.10233393849251865,0.07833277357885125,0.05630804478443551,0.08235115980982612,0.04440183045503481,0.062113625092574835,0.06571570591569374,0.05561741000985407,0.07443215944765111,0.05273784959068132,0.06914497250479941,0.0548705108243189,0.05696867981383988,0.052210450481295974,0.05175230752125452,0.03259361608306845,0.04379711200214885,0.057837256656345995,0.05031919343134575,0.05249412330168622,0.03819028127786512,0.040250286636656404,0.04534384455839623,0.04090988060964756,0.03624823196832537,0.04313076423008946,0.038537299098953565,0.04401818801014046,0.03521217263716889,0.044714966789298295,0.040513570509673615,0.040424023393770395,0.04404097236297203,0.040333288081725524,0.03546792331855278,0.038919820944141405,0.018
0.019054683845399618,0.017945938041833632,0.018210162690538528,0.018828838643617302,0.01908915680689763,0.018338453701012013,0.019263550663144436,0.019052245738860767,0.016868859480073724,0.015100104446267262,0.014403288687672038,0.015128643340121936,0.01463672753917708,0.014463453282129009,0.012636582532479708,0.01431970120844201,0.010480509225971874,0.007684830207297676,0.005854859320383564,0.00882083043384886,0.009540492865433358,0.008282562496652685,0.010383190992790815,0.009726564831223652,0.011500963209510594,0.011813648514165888,0.01058928078504461,0.0117587873650262,0.013464215381424175,0.014660225082236182,0.013597242932762219,0.018166632448484737,0.02501810870560303,0.023961615881818193,0.032694513145190986,0.047888944647979936,0.3890458643454361,0.4559348549266214,0.447396685686574,0.3263057907072413,0.3076369205058883,0.3775141994955184,0.36200130867200714,0.509359930918015,0.2501823800715975,0.2736573229389411,0.3044201038743334,0.33720607030468425,0.2617704760839453,0.3737544558633414,0.25830043335469555,0.4418578050036521,0.402377537692687,0.17142608314205524,0.21090074253303298,0.1622365060810106,0.10713371583129688,0.09026720703169483,0.09269169861949532,0.09561837310039659,0.06512618302850955,0.058128763102631,0.05997833533194365,0.05665370324227738,0.05049925659817121,0.04462737161330278,0.05805656274083674,0.04789302035299439,0.04652645651334902,0.046799864052237364,0.03532197302088349,0.03915152784496481,0.029402147236901623,0.0332225157297557,0.038057925505853886,0.01834306943221991,0.022564831843462852,0.02642820448747658,0.03093294612650874,0.02837989265068819,0.015873883989444535,0.02074679233817595,0.028132044699742634,0.024444863394888057,0.01866103106180889,0.02033780159768877,0.019257337679541603,0.02406236575831355,0.016885278178774412,0.01653531471627539,0.019002237228199353,0.01670966234644227,0.016840820010125,0.015452483299081166,0.02190707323796301,0.014,
0.03339655854404893,0.032158591648122264,0.03188144544291378,0.030636453669285503,0.03079748710890976,0.031695243515984496,0.029659719463021157,0.02841282510402531,0.027621267040696347,0.028360150734447354,0.024154593681970555,0.023454704997340422,0.023138818645873072,0.022922047413573586,0.023568850406997525,0.022596654699243286,0.02110233243855615,0.02125247450479687,0.021103733183564292,0.018488905643128658,0.01783637055539458,0.016626371667015877,0.017331864644946873,0.01837762411817326,0.018732910662660338,0.01838287282072165,0.01747258753743136,0.020109297936441232,0.018412703521526835,0.02358860514847751,0.02482010468530227,0.02565191398943461,0.03930443863104504,0.02583300211216135,0.4225609027103516,0.39139852827005817,0.3196014188915115,0.1704896828790189,0.32709986158801196,0.2269029696411573,0.4025885719088339,0.5873458521275767,0.38896316937478237,0.24536042252532583,0.23974132656861974,0.21981490039350374,0.18394516925053683,0.15504670781260899,0.26004843930065863,0.4349098923285557,0.4755874725116982,0.16384716620136264,0.2004387492381873,0.1438111166178005,0.13607448873596723,0.09850047882377001,0.09224573266580546,0.09328869256210864,0.04679606995029385,0.06883477445854831,0.050175744294176525,0.06682976908435839,0.031635667309230536,0.038919175713817276,0.0459909336028999,0.039911679189683816,0.03402768799773826,0.0330828492309213,0.028167167976666616,0.026434280841807194,0.018872408612031568,0.028701314584649862,0.017517352138049624,0.025513790489449618,0.020130442330454038,0.023267323294983683,0.01978308390949689,0.018845890843743957,0.024149428619872904,0.02349389794810688,0.02120149609368696,0.019457276434937235,0.02357556580541979,0.01477597337417326,0.015145671395645708,0.018644307271553154,0.0156331181352063,0.016666152475044393,0.01688875020206868,0.016217160500338477,0.018183548640443612,0.014843605617458495,0.010376615046596253,0.014722796992323893,0.023,,
0.021781041858754145,0.022082266874571068,0.020520058644527547,0.01812074742311369,0.017615868998079882,0.016970271048874788,0.016401428555374988,0.015218689821224521,0.016735139645368727,0.015009334493709663,0.01350215977531391,0.014725113097345068,0.014863515026023396,0.01699901313616098,0.017181883738422422,0.016789245850241736,0.01590841508925071,0.013017644915645384,0.011810361687596362,0.009742992438836298,0.010265320772536349,0.010427095173850638,0.010448246199505353,0.011717599080628693,0.012381553865192924,0.014737370348879389,0.014707517831423465,0.01425764246998782,0.016578947880563487,0.016932204003741277,0.02347816643851101,0.025171855977617945,0.025485935427615312,0.02401257779112594,0.031535767902638345,0.6574041365199501,0.5851014304225813,0.43076244915450485,0.4301821360338907,0.2716289867743476,0.3618708797212746,0.36503525101593975,0.5000457158025573,0.4030614311682353,0.2564674206373599,0.1682428753174543,0.17871614352532006,0.11316890275799754,0.09461960492942885,0.1041598237902305,0.07061505685154183,0.07338073046890672,0.06338651954310408,0.055591358860825224,0.06662914736734327,0.06014828145533538,0.05054368023395696,0.05977499938472348,0.03607795698578731,0.045165098699076645,0.036922341940640487,0.04091090843191315,0.027692150960496556,0.04162905939783313,0.035649084881852464,0.03336756843747864,0.023952923269794747,0.028895973504252565,0.03050856846508482,0.03200795196083734,0.02625780707230727,0.030203042346033767,0.029237340786765723,0.026373563195511176,0.026480547774423702,0.025915142095645563,0.03034596972075825,0.02693003826288934,0.021991268975505077,0.023229474307261723,0.02616757553916524,0.023276131028306887,0.023160713572570234,0.01990473554433167,0.02061922616540543,0.01778416913776695,0.017117609573991954,0.022393312797825846,0.01934901406892022,0.016240685955507792,0.0171037083654612,0.01927801465843263,0.018230441150489177,0.018300713198831135,0.016,,
0.018566682974688775,0.017512549109286225,0.015998002049612162,0.014759221207464744,0.016087469002868705,0.015052064379843647,0.01364916611960803,0.013862378694309252,0.015638083505022875,0.01564394302105408,0.015462760033124818,0.01642239177371063,0.01502021942414415,0.013272859348377429,0.012344043256564446,0.010826327002278585,0.010395750349702644,0.010358056666425638,0.009454005392213846,0.008377655510349767,0.008063682523043725,0.009688387696676296,0.009771094844915262,0.01067800790336648,0.011144775557172408,0.011667463228931784,0.013037697689306042,0.013858480068068474,0.015187211851285345,0.01738469657068115,0.020785195307494394,0.02265751310198668,0.023365249051750785,0.02470555674340739,0.039195470379817715,0.6167397654693162,0.5420747266249809,0.41124957714713045,0.42094117275230686,0.49921658315955136,0.4122552465980626,0.2824052840468027,0.30021139548951153,0.3314399278681739,0.39684358989907875,0.44947264103674034,0.44601482012511406,0.39968662438740704,0.3286013822228324,0.3601268399495262,0.3501682264446611,0.28351974065557584,0.2282727771229953,0.1653733158628688,0.18426248501081297,0.08141034189473174,0.10854922984010411,0.07376158759386077,0.08180833692993086,0.082680977829847,0.0725233249396577,0.0622631432656336,0.06728375991320316,0.07072307027260666,0.055339701682116924,0.046769019668819946,0.05174522993103861,0.04415058333564043,0.037429404170700745,0.04233994625171485,0.040672213164411275,0.036724672702846024,0.032995778626835594,0.03244223431740477,0.03776440252943621,0.0324414172147818,0.02933422143658125,0.027594628913523957,0.033839331693603356,0.02542967888215899,0.024298634507623634,0.02598393394222306,0.026288981341740257,0.021192419481638063,0.023041726114180427,0.026328878462134973,0.01992106406799035,0.02353206819875315,0.023615613902058154,0.022087987594704494,0.022655323571643515,0.016713837971470483,0.019897995910796093,0.02270196599840262,0.014,,
0.025785147710701804,0.024930455243656457,0.02351982590208139,0.024763839569430564,0.025037454924189646,0.02571414437662231,0.025210283011404745,0.024713715847364905,0.024552147629555595,0.02453631969671574,0.02371781540913716,0.02271408124556549,0.020175583238132656,0.019114109257452463,0.01952949844122813,0.017910290123304775,0.016615962559987853,0.016668926836624322,0.016848115306209752,0.01612207908553234,0.015566701951102659,0.014913404378046495,0.014999852669931037,0.014909100448905034,0.01572821607852371,0.017257921831227246,0.01777399779316025,0.016849651377006315,0.01576406982160626,0.01972897474332784,0.025189874731524075,0.031175700980918847,0.029392833394277534,0.038531279381998663,0.046956706798112445,0.6232889139696299,0.3674304547374968,0.3844601283420844,0.2858521381459851,0.32835802005672243,0.25741160987763934,0.3098680559870902,0.5312633253278235,0.511710469609614,0.23841201571581266,0.1326079979302122,0.16291454454302862,0.11960712945154885,0.15347731701519335,0.14827888526250857,0.09843896101934696,0.1075271844762087,0.10201687633501445,0.09448458081449225,0.09527627936981498,0.1054084429229453,0.06531157302752316,0.06052708341855199,0.0927647257451728,0.0776002200180638,0.08281299045253397,0.06065397392712578,0.06986273391973882,0.06582286726101211,0.06809664353118827,0.056601649616849,0.07627328465804245,0.04903765050808498,0.04874271560668663,0.055112647194447764,0.05620515486587462,0.06534305302433967,0.049785014773084384,0.05111018883581883,0.04444931385106725,0.05096028545778682,0.042583203624484055,0.05677113349001244,0.05423723323889529,0.045673578526094195,0.05576598314832751,0.0522724811960907,0.044120514746065924,0.05024405775174903,0.04514505706080191,0.04907637457107295,0.04077636854755372,0.044555211088077015,0.047442512502613596,0.043004945580303704,0.03956412144791464,0.036703662657366846,0.041321533111311655,0.04123297707602606,0.03679531255318545,0.022,
0.026121543006735446,0.0263992032772748,0.02591734900552475,0.02484076819011741,0.02360433139693925,0.02154520077682715,0.022622890148604025,0.021843363323169607,0.02074219666113256,0.019911475223585114,0.02058179397570576,0.020317719200043702,0.01914642669444046,0.019889213064240283,0.019380411612140883,0.01872553637230819,0.01965491761486104,0.020721334024115107,0.019847799032918077,0.017410059962245896,0.018689512921718936,0.017467759514943566,0.017979149669624637,0.01770224928789789,0.019669367697394417,0.01921508272969332,0.021111773811027107,0.021565619326882734,0.022925521798155764,0.021495197629600563,0.024867767197435605,0.019088916401608237,0.024220590311588623,0.021609195681850487,0.028861241679648847,0.0692420501325712,0.7024952555383596,0.4230340037862339,0.40411844515468176,0.36524745757708443,0.31840825241126314,0.256717773038345,0.1936857952977408,0.18646682471660397,0.10157311682109775,0.11907368583770658,0.2878236356349752,0.4588299868892509,0.663812512993516,0.2657982321455963,0.22544833253614252,0.18510843405923408,0.1396994270045404,0.18392426380465676,0.14547914481038263,0.147664069459617,0.11707067146847089,0.14395780832778177,0.13781334672855197,0.11870283673865514,0.11323534217055034,0.103028535078337,0.11578351088346654,0.09619064252084883,0.0703727541714367,0.09167576483000497,0.06050373278082884,0.06442993451056014,0.06407932313208699,0.055315368108453486,0.04351337753939908,0.04461430584255433,0.04503044816550276,0.044626635455299234,0.040540885732349825,0.03929443167205483,0.038868416801499286,0.03328253774340396,0.03288442407805621,0.0322978778432251,0.03312188396744213,0.03275535593395206,0.032161056532630225,0.029363508429472742,0.03246513947583849,0.020548997336592843,0.029971740502357135,0.025311049729920758,0.022045900114315443,0.02243645939511668,0.02430195990751374,0.0192053697777035,0.022194142448916817,0.020172113231065308,0.01915501217311979,0.019,
0.031185693445807003,0.03128600962395354,0.02929190253787587,0.028785846275437506,0.027944131037576148,0.026264389469537103,0.025488095029050976,0.02631557696858408,0.02434336368334921,0.024333922220160842,0.022167313697724747,0.0219239110540836,0.02052755003223208,0.019969484619274964,0.020154329168620172,0.020104978860930867,0.01828926137953938,0.015745851619752723,0.015176917425323852,0.017471704823184688,0.017935550301202273,0.018069942216769136,0.01797216628478884,0.018804025690452617,0.018235295058293924,0.018233752869785125,0.017046645103512077,0.017465090551033693,0.01876189284871014,0.017941033489244987,0.019723621405415264,0.021641299304143814,0.02018559227877118,0.018990611619172145,0.02378160781339544,0.026675124062986267,0.03189496408235061,0.050980256293683385,0.7128377972792974,0.6352632316897412,0.4448987566231006,0.532399862771387,0.42262067292807265,0.3529678831752854,0.3567399191405241,0.3902978031547313,0.4882690961963928,0.5524941090177073,0.24231023979980354,0.22204403535932404,0.20782172848768127,0.19547463761972528,0.16854188622234284,0.12321843302104912,0.12322307120614985,0.12296692662965442,0.12498770062200477,0.09596444875641705,0.1080828448217371,0.08395297690563895,0.08688731810892447,0.07357110970216219,0.09520343197697703,0.059794434023867804,0.06415705971470533,0.07199943248383948,0.07391074174174521,0.06545364732499893,0.09102143046240428,0.047405903998011374,0.06252501189239001,0.0629067351563879,0.05855738682936891,0.053019971100557665,0.042966566412920404,0.04026630401171128,0.04217651112087893,0.03627514273972487,0.04238883377696991,0.0452060393496116,0.03889658527724511,0.037955580339698675,0.03995488284084974,0.0392860080973532,0.038189985230613316,0.03310459598251693,0.04308752418383935,0.04023764650452652,0.034556643516471294,0.027550617407586426,0.03082899003985701,0.029720135419864954,0.029791673857076855,0.03113674296644717,0.03171371954354158,0.02,
0.03533557218527224,0.03427959118546382,0.03318143949742523,0.034998550687105744,0.03481059425286824,0.0321092672694863,0.029786032651915283,0.02956769479967741,0.030268427040775925,0.028232849811801394,0.029647956636462382,0.026923598880860867,0.02646695571288763,0.02558005847908632,0.02591283697458184,0.02419014174021636,0.023289224969793187,0.02213734243201335,0.020968132166244567,0.022098054162266678,0.019890650003619205,0.01944902633265832,0.020802336239759488,0.020676348924078762,0.019798031050130605,0.019159197469038127,0.01761266829798429,0.016581963314041395,0.017301163453309235,0.02041799367476221,0.02738042979591111,0.027062271253809868,0.030165950214165398,0.035113948517635565,0.03023393401297597,0.04251279415163631,0.7173718348008953,0.511431548133932,0.7470465336197267,0.3823834696680297,0.5978035157488036,0.6190809415785544,0.5072537064318082,0.39615923881408927,0.2882557777766694,0.32947873240755254,0.3915720624230634,0.5326511292694025,0.2606160359678714,0.21484126225432687,0.20469814001874986,0.1584430357172391,0.119410024493005,0.12778709126099835,0.08962697400433435,0.10232399658046942,0.06807541278815558,0.07302315786224947,0.06479153912817288,0.06646428248362156,0.06260332675568468,0.0692132963569088,0.06016628049784852,0.052813391436405975,0.04176480937014501,0.037629376170730575,0.0483248934854452,0.043474743982032556,0.03982367373982807,0.03560276245945911,0.03224887412478103,0.03477553856099978,0.03028511550441326,0.032180509885041814,0.03238295516563111,0.03350984532387845,0.03274495286465713,0.029889391080875374,0.02795520405160551,0.028609887454417855,0.027980982983276358,0.028882352601514824,0.030174320562336227,0.02738971224795366,0.023284425654731628,0.021857222900169112,0.0240856946391098,0.026291942454390312,0.025252791390774555,0.02486554795675137,0.024438396771159523,0.022991804765831503,0.023401960654295006,0.020557964699723003,0.025912705303113237,0.025,
0.020349444817494667,0.020237134140916897,0.020590193727691136,0.020483419247980028,0.020247922941653278,0.01954704385524591,0.019887996736198225,0.0200139722106315,0.018364564343920208,0.01798189752876011,0.01835374604555936,0.017016325265799093,0.017221057623190532,0.018459639969677887,0.018310165404507688,0.01764162696527934,0.018635801464607558,0.019603303613374666,0.019530167320233112,0.0195493435761219,0.01947532830594313,0.018530002197008226,0.018798066888727857,0.018186111757606312,0.01700085285372623,0.016014277123738558,0.01744663190219838,0.01850426265349245,0.01923956948821874,0.019705922846586652,0.02234115767372837,0.023642091827043094,0.02331407121238236,0.020133067036798173,0.030728688307424815,0.02631631083990838,0.4572061260038989,0.34610415974293174,0.4171651273875733,0.20240053130740993,0.3937201218734793,0.3643852368023497,0.2937954710695866,0.41370975892284323,0.3945309469950103,0.24115858282986125,0.3014564038924528,0.29611218128038214,0.2608110917893415,0.3242298954601618,0.285195821253308,0.3259118654495403,0.2124796119500414,0.21607603425840635,0.2396770886740821,0.17307014617389713,0.20571180342151638,0.44742595187947526,0.3755763938840976,0.237035794768285,0.26088701312537227,0.1893104347577024,0.15464050949327954,0.15519631403337433,0.1537302802792648,0.10878854067119496,0.10026222481743192,0.09214054539557531,0.08346747477746036,0.06323177129002899,0.0577296821053455,0.06966684552536165,0.06314097255490234,0.04693102230235318,0.0523079074218445,0.05314617331307078,0.04773814897196411,0.041316410552475605,0.044641998851080104,0.039274305453935406,0.038582122803947544,0.043132205209635316,0.03678573799243067,0.039811668800137125,0.0404610331098519,0.036488098548492526,0.034417237864966074,0.03293007354194001,0.026719448059565765,0.02727374467679685,0.026961158835621713,0.021818365164803045,0.030277718948270235,0.03018422876433975,0.018,,
0.01642919799931709,0.01553761903609975,0.016273115223912612,0.017383684033201202,0.016599392751644428,0.017669478110911546,0.017770231652077712,0.01528208433474501,0.011867342280525155,0.011980088505128075,0.01206497125183238,0.010992273969280836,0.009997291959382947,0.01007135115881995,0.010204952104874768,0.011401862559388368,0.013310915409895076,0.01248960933462385,0.014745762894724722,0.014043641282584028,0.01334782379158695,0.013863355522073448,0.014666582753192435,0.014459191070897824,0.013151328286903774,0.01390409936095969,0.01381121701258294,0.013609021428816424,0.015588611654358117,0.013820160472487639,0.012888837583021525,0.01713570627089116,0.02040640301683707,0.029840720278136796,0.6017446299359179,0.4490954047124625,0.4800868902749093,0.3353266044168013,0.3553257478678737,0.34101091089214525,0.35591623003474493,0.3330783348634574,0.26138404844423563,0.2680496376409848,0.22267087771127028,0.18264866895926313,0.1299614930755589,0.12707706784824765,0.11339892151469712,0.12755050422865,0.09061130006175677,0.08635217300983747,0.07541567593617422,0.08400306956538701,0.09137833680901863,0.07010792116449914,0.0735324933527544,0.07093788592974362,0.08897018932761408,0.06554088829521085,0.06084550274014485,0.08831138131981527,0.06030214576893163,0.05870683306447305,0.06183794326356983,0.03861550433131071,0.055488947929033125,0.049729942440751684,0.0583122212034865,0.04885855329111199,0.045439442656126865,0.044400130960895276,0.04314573921624544,0.041472030024677344,0.04171445159768235,0.047372857778069495,0.029461245705274725,0.036887179621362294,0.03774248158443108,0.03400354442587126,0.03765525226100444,0.02178500330957716,0.028738646963461126,0.0282189858398708,0.039145104062229256,0.032673415857045404,0.03614067701607221,0.03415906122051638,0.030051854030909576,0.03327768070946325,0.031965714487100304,0.03192037178342862,0.03164150714169547,0.027153600527438693,0.014,,
0.02048826583021535,0.02001470256775362,0.017338328855629977,0.017607095237439405,0.01836366255556107,0.01894591131243665,0.017433948998354033,0.018712931331794257,0.020299884886753338,0.019732534426633832,0.019576771802369497,0.018960621200339853,0.018759143699412676,0.020117804047369816,0.020122608710303056,0.020594348634172296,0.017747848360953646,0.017618521768688555,0.01719740350268127,0.017124738858495924,0.017932294552717262,0.01835065769555336,0.017982715402688306,0.017286858876231586,0.01517460820464827,0.0146734328204979,0.01560850848500146,0.016516100114526807,0.016475155751835217,0.021948122588302983,0.02299580507121523,0.02805182982848379,0.026971303159838825,0.042438818064546545,0.7064628563681167,0.5206719893510355,0.3996943033280842,0.25627987287904824,0.35838928604899534,0.400548870542853,0.6033345355766131,0.5160015949418951,0.21146216127634124,0.17902795017948722,0.16242489197517854,0.15165449419860016,0.1088194041392709,0.10202021334247507,0.09513668330182257,0.07615360966774608,0.06974763609045091,0.0603211225818882,0.07801165113246904,0.06526573756065919,0.06155022918261683,0.05968906407264026,0.05542707628855126,0.041687265196566854,0.06032157189754984,0.057231732174942804,0.045637683920643074,0.046162250208212345,0.0505994529284638,0.04655166429194487,0.045352108490300996,0.04749870504946849,0.0434837820256323,0.03928730836886178,0.037804528863747126,0.03124347312171226,0.04422543964334152,0.042415533964643815,0.03710796404707916,0.03173787199541662,0.0283418243509183,0.03186315705328135,0.03780441389260095,0.03615609848060205,0.031856224156043736,0.03371146084589637,0.03376191464014723,0.03350269815437472,0.03261151887800651,0.0318763758474792,0.03642154629788258,0.027813908263398173,0.02880473384514331,0.025836309068146608,0.028851855366169493,0.02711102063436032,0.027068888563962036,0.026260146316764904,0.029208770693781087,0.021909629934026644,0.02499609676605995,0.019,
0.027920818642186006,0.02750695317602238,0.026279877728845803,0.02726767175330902,0.025740070703562004,0.025213456788676862,0.02546817778478223,0.024051775172902207,0.022742422266878292,0.02067797125054326,0.020256900829198635,0.018467928397483135,0.014923395356821434,0.014525273400163812,0.016514010121069046,0.01536093367092419,0.01703458519957534,0.016365677366824573,0.01446411801858317,0.016923924550120015,0.016547571685351085,0.017281324727793725,0.018150404031112188,0.0202283124466026,0.020860085971496443,0.019458838340862938,0.01953802522628794,0.019114079845062443,0.021740498557524187,0.020718070022361375,0.024138330446546383,0.019937825972551032,0.025301126310875038,0.030008416317411617,0.0449221790076241,0.5635867542089811,0.49248408528695303,0.44105815022509215,0.4286526041024279,0.2791985792780836,0.28127500026388835,0.24849791574996843,0.3602519998941373,0.7149803986513407,0.41847492795568114,0.20743585603501782,0.18913068985088682,0.16745894596324495,0.13255051378114976,0.1061281169555952,0.09631780714939508,0.09550072937049127,0.07735217006868253,0.07849370477826573,0.08318609063664023,0.05935237110194506,0.05897954255155762,0.05463959938568549,0.07823099822901507,0.05109237514711774,0.050353051203249795,0.059369411931067304,0.04525531732163103,0.04048749834049654,0.050457432767959116,0.043595380196105565,0.05022340812555221,0.04855639152376205,0.03821829215234326,0.038844023683723014,0.039699474959231776,0.03640938192670389,0.046751013302109956,0.03569596049015298,0.03078313075843952,0.032414873956060866,0.029166448059640512,0.02664375298739486,0.025838071910802646,0.027142046189844074,0.019722609346832568,0.025226691722437817,0.023620778692041582,0.02521067467887801,0.025439137329381516,0.017780864591387214,0.024939901875604173,0.020281712875833423,0.01977232594755702,0.021866856002821983,0.025971303865285317,0.020903760986972608,0.017764534823776698,0.01697497003662556,0.014356706566151456,0.02,
0.023105506919543745,0.023467016391861672,0.021672148419859642,0.020195077085439918,0.022274890071272875,0.023242910452564523,0.024089186598006223,0.024143908208018552,0.024490873387179576,0.02343869744030773,0.022258052992668434,0.020814293441514,0.018975752166768365,0.018513976057165073,0.017291510023277567,0.017205257248263828,0.018416813901766204,0.016691743500431407,0.016006586001407832,0.016554881933418728,0.017412676175175088,0.017514234922903403,0.01823791390074449,0.01750964898379635,0.016901382214639923,0.016183018413762094,0.017891193740222088,0.018852799179135602,0.020153476937288924,0.019974523396450023,0.02278305479087989,0.025766765464020167,0.02963159771621222,0.032768702327000195,0.037667250194970595,0.6222470863339196,0.445008630694146,0.3943313461778833,0.3361450542087443,0.30686625355053343,0.3456296172044153,0.4903508870602297,0.16673466184289784,0.22044788505187582,0.1650275994741119,0.1082283931747497,0.12606844567285524,0.12114740484741197,0.11269097846384674,0.09111333601587134,0.08628702593487247,0.07603435711628201,0.08767973299999383,0.08836032616283597,0.0738520295127907,0.06414338171582983,0.05884409235766179,0.0765208329539138,0.06978336317369885,0.069972266756133,0.03996571875068957,0.07034784059428735,0.055383256491296856,0.05067997963881917,0.051566103192686896,0.04931915858097684,0.04299250699128021,0.05521466926686976,0.048474701154828895,0.05055443151352494,0.04275509785926265,0.034270838928315395,0.04193065211212746,0.0332609594798309,0.03488356085870545,0.031838576798943696,0.03814388959359166,0.03264235336272155,0.038156898209945604,0.03603544341461934,0.03516642544650522,0.03508342849192332,0.03308653558621518,0.04114908007067708,0.036498782637942706,0.04142864176484991,0.03112114765379546,0.03884027563781199,0.0324316317557566,0.031210519650305628,0.027497489696695174,0.034705060187856865,0.03570280376984224,0.0335301961437243,0.02930416666054454,0.021,
0.022133113324261006,0.02154454647302062,0.020492943059897,0.02078033853699285,0.02308087204717184,0.021724105264224015,0.020692177887631766,0.018765198334148518,0.016987868659845307,0.01654211788632011,0.016588715736895136,0.018110555420027732,0.016363628862705825,0.015869310632578276,0.014165212087143476,0.012750666185450137,0.012567391398616977,0.013009052098561477,0.016236167402758343,0.015668859072945327,0.013774123989401858,0.014586940841681073,0.015541590121069601,0.014655646807156933,0.014660497727497898,0.01462884302139047,0.015229036457994378,0.016999200744360857,0.015703362634821378,0.014774245212334102,0.014039285555354792,0.018511109824254007,0.021561595722906342,0.023595172942359834,0.03294863579129342,0.5215509576315724,0.4642303231500093,0.4259283151137697,0.3136110873889012,0.4272465175883737,0.3019846553480708,0.31811713980721285,0.6820844506561504,0.43675146594188824,0.22598565433256548,0.19990723811469413,0.17862107053356288,0.14347676680028443,0.17122001478044488,0.1011013411862553,0.11093629978195182,0.10544067650429548,0.09123038760511244,0.08995979967615016,0.07114622329694162,0.08814979719796419,0.10428699180664752,0.08960315585055022,0.07971973993167265,0.08969297472826798,0.07161197677487713,0.06352008991099116,0.07046868574509725,0.06655857389307915,0.06328236212616863,0.061282251151217555,0.06760824063908225,0.05816262569316712,0.06549012824227385,0.053495055947243846,0.04255912272621328,0.03802928268927921,0.05810589236166616,0.03732271271123221,0.03372600550153753,0.03757453853934845,0.04766908072684853,0.05269797986068432,0.04595053292191963,0.04455871454968493,0.04317445683067358,0.04349331961277871,0.031160089634319085,0.04202221596676721,0.04343955070687038,0.03755749995870413,0.03534203815578777,0.03243744462690166,0.04034345968717387,0.03991704133538429,0.03475012278761876,0.03450981613441612,0.030786523871733227,0.028557325923798817,0.017,,
0.02470400914148518,0.02289077580326253,0.022580700083485564,0.022040118742860798,0.021474941930799712,0.02279849913819815,0.023107079464798848,0.020735092530381048,0.02141236460980741,0.021588519401546675,0.02183524680728614,0.02148769135340489,0.02100466299702908,0.019713248261014078,0.01969827719426834,0.01966113006294599,0.02021911974851331,0.020086950180776872,0.020093499788243718,0.01961382768372072,0.01859627459916899,0.01654933069484646,0.016831428459020834,0.017743031702500175,0.018695900409634328,0.019802601614917193,0.020764237141663425,0.021896797427046286,0.02272947944653817,0.021880643177113614,0.02659543043977749,0.023039833414078843,0.02866065548712153,0.02991641815519617,0.05435572638912581,0.4616510204707025,0.47816350241219874,0.30051179369698866,0.380980663134387,0.29517582044774554,0.3627479182008126,0.27102903507185055,0.23264524198538528,0.12194175035438681,0.13311682897151128,0.11416715899064854,0.08049717207069082,0.09741836887225289,0.06151079087348046,0.05844192383305138,0.07069753754365124,0.05486218613892666,0.06837074905939419,0.04301451418099259,0.03830209122969639,0.04474643745013028,0.04608366491882476,0.03980642398821639,0.03522150227540834,0.033445841823876034,0.038472944857978225,0.02661687480050154,0.028321455551883243,0.03092182169095898,0.028971747260429438,0.025228209382883924,0.02522220812521888,0.022322766328307382,0.024630838618308865,0.02611191398775375,0.01906319943624038,0.025209403445344867,0.023231959404908475,0.02211550198026463,0.022732612140833497,0.021404041968832836,0.02345114632552284,0.0227714977906342,0.02300608022315215,0.01897339817108409,0.01703500497427202,0.016435658678643706,0.020759277965433708,0.0208539673391314,0.018297474039049928,0.015633200570519694,0.017260937914444715,0.016800001180680833,0.013467978542955259,0.015125691700430495,0.0167862761116279,0.018156192000399012,0.015339515691217161,0.01702646786904277,0.015010037538102858,0.019,
0.026188209303036957,0.025023662745255387,0.026436285926167216,0.024188959189174936,0.02247878368197422,0.022959511617859963,0.021433903435908057,0.018566011488304078,0.017428528823227953,0.01565958109343521,0.014586241773765581,0.016642056177059134,0.0170425413886268,0.014339263457982466,0.014625165843635914,0.014641824275907826,0.016508986396964784,0.018241523963110632,0.016078225426430382,0.01638082496947557,0.016850500841756027,0.018957435047872912,0.020513797395353594,0.02063858094001013,0.021871065979914513,0.02094786942199028,0.021796602063139207,0.023263635386360105,0.022329038146138545,0.024087470122751118,0.026168252054446783,0.025083185049458622,0.025692035584737215,0.02138641498742431,0.02479707418214829,0.023953074274944516,0.4669746553924027,0.4981199344117708,0.3946834917965375,0.434941977125748,0.3580034984320117,0.6038226312198567,0.5549707580548876,0.3045459435731951,0.220401961694991,0.20809423674026184,0.16325980350841754,0.12851475134730964,0.12483384472928351,0.08248805210571868,0.1271188903975388,0.08273848232949906,0.0828517278975941,0.0628373391300226,0.059900374190069494,0.08161986134554915,0.05039684129501458,0.05791526661262041,0.05261661614061905,0.05589472139002273,0.03938509222759207,0.047246859298176035,0.04617280153797073,0.053726231253865255,0.043507916982079946,0.045521153966421785,0.04212419779454975,0.029931965571933623,0.03829112941014799,0.03006205391595434,0.03839719223228846,0.03828650666466484,0.02883079815173828,0.032555175625343845,0.031431001586151634,0.028986682565434286,0.02575683940411629,0.030970060671546167,0.023592861298456242,0.02668585739143135,0.029174434496284565,0.02855381135761955,0.027831577052925185,0.023486549602384856,0.024062226042652915,0.021437697261784776,0.028483143866507455,0.023461313872545266,0.022127568747644454,0.01813868085922317,0.020227618387132967,0.02192112282656463,0.021896369653079024,0.021783918170484758,0.02,,
0.02861613772243189,0.02736065009278041,0.026797790732081706,0.026341810577792946,0.02591167102537391,0.024634546175614214,0.02287819077588166,0.021860473694663873,0.02062207813803804,0.023108053807946012,0.023109872666585374,0.022440111284384716,0.021256407061898144,0.020534989951561437,0.02065372028051626,0.02114014517558902,0.019371197137767346,0.01854445449146927,0.02007026317854365,0.01999778984519123,0.020206634586152242,0.019436515466976924,0.018299142392026256,0.016897522269593384,0.016898216165158898,0.018594579108028475,0.017553415305948797,0.020150006209659684,0.022315344791782633,0.021779537968940676,0.019045122478191727,0.023564937799274807,0.02854466428210138,0.029599045079521012,0.03243588805742784,0.034573227653589486,0.5631520838767949,0.4871620798281331,0.32193819310413896,0.42817174865339147,0.40055365810266325,0.40714839836211963,0.23995044074173943,0.18521567826088087,0.148149584685151,0.14072146200579275,0.1261142744379802,0.09803168727607947,0.08830871225674791,0.10899285079710651,0.0759675819456521,0.06719425854547392,0.07676510515658044,0.07938410511917383,0.06830300570216478,0.06765029403022677,0.0634201654517083,0.06329996978840853,0.051623492940776325,0.04766073339643788,0.04878845797707442,0.05059492015534431,0.04154910447205407,0.04764280232681291,0.04755711697488686,0.0419496032757716,0.04350030298776416,0.045710199505413496,0.036080659151003856,0.046861088949538075,0.04427906154219135,0.038814543783117765,0.037355157209848285,0.03884708517942165,0.038080906298948836,0.036482638157129675,0.03348964972871951,0.035664782795189226,0.03816442805111284,0.03565971894994242,0.033041219278743005,0.034300852164297416,0.036229486124491714,0.02935877775983765,0.03392797774530268,0.03201534097778523,0.028294621128817324,0.030551332402394462,0.03236543790803199,0.028148362360083716,0.0240087373048682,0.027209301152291757,0.026300358584123187,0.02722745573751245,0.029126503250258475,0.023,
0.027739346469576796,0.027846403285902096,0.027893617672105235,0.028428301387566697,0.02852754207500755,0.028710402877653623,0.028184938811252596,0.02882663942982133,0.02877267556320505,0.02847806791244648,0.029293484877709667,0.027089010350089055,0.026380094686851072,0.025041882357790625,0.024797575653090754,0.023213890625058364,0.02444221499433479,0.023653155980345942,0.024212869772071655,0.02413480275677604,0.022020767825029843,0.022158490698331042,0.022188094673353385,0.021891747418530914,0.021616810898596184,0.022349627538167036,0.022806915007815332,0.023090576270689236,0.024308792570651033,0.026495291989117112,0.027183030827528546,0.030507439739580783,0.03174967087488617,0.03460519773556795,0.03658941238540855,0.03542319206793943,0.03954860262478458,0.3044837011059855,0.48216915224037377,0.503124810034106,0.35378914930731886,0.2947477917695258,0.3420371995299112,0.36036659480623656,0.1152829505051211,0.1862664540719216,0.40545417572284365,0.27285827175862043,0.18969080863692311,0.2520630800484813,0.26453821998747973,0.24352615396474753,0.25293645308226576,0.22792759810689558,0.3221003325016392,0.24852248533937024,0.36927304627056484,0.29902497557846175,0.2890636786090952,0.29258018443088607,0.22334470758782068,0.2622700501435693,0.19618504851123547,0.18887990648537817,0.16800798457222074,0.159727623290434,0.1555635670334675,0.1420319809966925,0.11034440609053436,0.1336323901677333,0.11816959129396377,0.10311509869931432,0.09867894313292316,0.10721794069044803,0.09284984650187673,0.080175220650568,0.08571512695389819,0.059914260351238834,0.07217080824168301,0.06317394218026301,0.07752922335753486,0.07246348800955614,0.06014893673117913,0.06210235242844735,0.06344170970713292,0.0618195505740708,0.05659299315038191,0.061441309202353335,0.055652189822105486,0.05577979392052181,0.05359935631005791,0.04971516184641843,0.05082544780786273,0.05192657698841546,0.04574761826720195,0.027,
0.026909985804295527,0.025517446246992453,0.02559444544720981,0.025325399539529544,0.02455363443245631,0.02385803944437554,0.023329895570757972,0.022277739668545765,0.022937499919810013,0.020450187999138725,0.019478061673565333,0.019783557764044626,0.018719475564628794,0.01721951838147448,0.015514546921186216,0.015317855096695754,0.016112214781379402,0.01582050902901067,0.015372156950083272,0.013810933068504887,0.015377748709696857,0.015514419666240307,0.01541052760584825,0.014634801804688296,0.017186360672072486,0.01732020936063721,0.018360063102536243,0.01902182281243974,0.020776612374977004,0.021192872338000924,0.02228466992506207,0.022405173254948934,0.023456952288398187,0.03300598760591521,0.02703669761034139,0.45150817167068896,0.5559642432558399,0.41016706002892717,0.4234870328809898,0.24437400328632128,0.3653786586158171,0.2712697967011433,0.3624237674253138,0.5110175820317432,0.468548959503683,0.22530069187630217,0.2436996661796389,0.13203053393452316,0.15218625052527388,0.18200148926426304,0.12005843356013327,0.0929359324834816,0.10752519208145221,0.10063360884687839,0.08731148121059373,0.08581855607103211,0.06798502863194945,0.07106795313106891,0.06201788405697401,0.07028133697873924,0.06579481963156551,0.055505347224738974,0.04464507199470918,0.03082393157341872,0.045049012859667024,0.060844917185320674,0.04422775030382158,0.03187657246594411,0.03325015952332872,0.056701726426769496,0.04808697623723027,0.035370709283479254,0.04553922266226624,0.03933058984249319,0.03778700356795698,0.03777753618142672,0.03213517496849767,0.03722947126929863,0.037772051160563216,0.037928785852667325,0.0339301449413697,0.026120419540931483,0.0266041865451129,0.027280077779264257,0.03050796037214676,0.027108355906055027,0.025553984469985993,0.043332834482363414,0.028805944707957217,0.028919351847607674,0.027521048161386005,0.017808297374037017,0.022185335339106788,0.02368500558081767,0.02,,
0.026728043851447152,0.02819771908749976,0.028184531880297046,0.028982502320085302,0.027860555545102833,0.0271234944897708,0.02423661913364814,0.02336746893541497,0.02282818408473328,0.022000009615246282,0.021929778367020217,0.020479607625957717,0.021719645571680487,0.02204999373072403,0.022256692088810794,0.022110996884793673,0.023397267864325968,0.021666727948413473,0.020550834715633577,0.019230429252639188,0.018057237193417248,0.018649941590103858,0.01957219727237339,0.01907936311727978,0.019539873219734383,0.019278225896071213,0.02020266833636736,0.01935830644120421,0.021205235032905202,0.0223988303671022,0.02193964430021711,0.02263660948820826,0.024428393631507374,0.03365226652984498,0.02749322000875306,0.5452148242518404,0.3856182823254148,0.251366838119188,0.3533854479778019,0.2812298500175013,0.3371918281128228,0.325927255463977,0.134996756659231,0.17705402618789154,0.2100055692278529,0.10504346161503933,0.16445597060888828,0.14840840080052875,0.1116895754931141,0.18565960645349358,0.11783969639717673,0.11004970713415009,0.20243931314982933,0.14161319822600255,0.22417491106578086,0.3265981412794422,0.5882063753639241,0.36282083218704675,0.22532795194912847,0.1511415285942338,0.17629358070324738,0.1066602528299211,0.07036519007397193,0.0948904924162184,0.09413022070137932,0.09906916342082618,0.08046099742914493,0.048255237675027506,0.06687569500830788,0.07984629930251942,0.05928614850812334,0.057717640703992136,0.04478362718321303,0.06585813032250358,0.03725322976372024,0.04577764860446101,0.04040653427546637,0.07112670034110788,0.050755713461440574,0.058038615495525706,0.05963954284161372,0.06328044513620457,0.047772703278948815,0.05266781132962481,0.04958364743777361,0.04748874935528045,0.054344056287794845,0.04385720791989754,0.06622011008234333,0.041576349765169204,0.03470641828935421,0.035836316758789344,0.0383719064119282,0.04607344762176898,0.021,,
0.023992579275131005,0.023668602316503477,0.022416036791078144,0.023027824653017333,0.02377192031831135,0.02373189375418761,0.02278789811929471,0.022135615651079896,0.022383297479538846,0.022877410926685365,0.02211715312234494,0.021808733275546954,0.02170636441142303,0.021778433555268605,0.020849494880480463,0.021327587568911868,0.02204200796423862,0.021919109496749977,0.022674206921571884,0.022560181061167483,0.02216492537900929,0.02209521966173133,0.02203106787010296,0.0209035439436921,0.01887997569433245,0.02035862101583612,0.020456087171595493,0.020681745205345298,0.019025502165690177,0.021576288072149626,0.020610019553829705,0.021631032061992083,0.027916037363295836,0.029308528275525294,0.023241182033936082,0.5110753544042554,0.5779131407645497,0.4482382303692686,0.3967442051944963,0.19497950167459974,0.28446636068834097,0.2773198511999775,0.38759771611905963,0.5097692392613011,0.353606258838375,0.1938662244041623,0.12590956142899926,0.11769433691948568,0.12106829293735695,0.08874390471291695,0.07973063413538302,0.06737962814630988,0.06969354508930374,0.05686811424326197,0.06148393103273757,0.03891679369013399,0.03966122002710755,0.045185816204111585,0.04869077877706429,0.042716102981216364,0.03348124661849253,0.03451021030170369,0.03768000551788544,0.03924847877970195,0.04053213596929217,0.03679820442156609,0.03519321959076232,0.031698433558033444,0.03189199097788748,0.03024603327911973,0.02464438438940075,0.02879156499276977,0.03241662277909126,0.023506267516964625,0.030190848603963705,0.027652060038540843,0.025350660017444137,0.02914977273054362,0.029615158415453743,0.01625663113923783,0.02355570713114932,0.025079868214302376,0.024050022821459616,0.028733396938070758,0.026687477195562033,0.024877313719656725,0.021844269995116294,0.020527315797596545,0.024977496621311445,0.020941787652996282,0.022583060203694282,0.02358646276553666,0.015407716173210606,0.02221122339395371,0.018590702692492467,0.021,
0.021196582342699975,0.02142098878212304,0.02029401577379483,0.02051598922193529,0.02045947092183032,0.020089106838150465,0.02001074639610887,0.01932766385077521,0.0190967033225225,0.01874183956965217,0.019372071708784754,0.01990961500881889,0.020278279522211885,0.019124747347056933,0.01939819754135145,0.019411127982542485,0.017626365872241957,0.017771509293163647,0.01853873695829338,0.017543673932640388,0.016757127102373502,0.018036349648876557,0.01730132036798777,0.017143589330224127,0.016942332438542578,0.016847646554956946,0.01754580633660097,0.019586720792617758,0.02052868093162569,0.023221598648297488,0.020958848674296468,0.02316970934888297,0.021604997846132762,0.023169492600101784,0.02547129507136497,0.029072406433343127,0.05907926074162798,0.5517331048946476,0.47947301057369796,0.5449592580554017,0.5775903741386799,0.4030854588921718,0.2714271672549146,0.30765531202918406,0.27488941952489065,0.43473111245637347,0.3504141105552335,0.5305483965731493,0.3359290563733127,0.34580435704044843,0.3203976605406229,0.305291202669737,0.3878420128431055,0.26530237789887323,0.3731428272795694,0.27329617712543225,0.34560039570744117,0.23321333311146333,0.33778874286491684,0.34478199880580673,0.409280605142432,0.31917936323286106,0.3074835783783482,0.22628288621086248,0.23292894027662778,0.17583367330733254,0.15223146080634928,0.09967172947286744,0.09850924861512986,0.09462878456641866,0.0799033111835511,0.08048512626711458,0.07894890729809942,0.07149924933628544,0.059366782430590945,0.0538895898947937,0.04291524603361999,0.05194894478214207,0.03616539559725204,0.03886481121321477,0.042120350722403034,0.03706705742586812,0.039334231917387795,0.03132819112744888,0.032896139537768466,0.031426068282899365,0.032835300896732936,0.028963855970863525,0.030689528993299846,0.0319035954111713,0.029371768493574726,0.03182496180646621,0.021770698733749757,0.025559197241915473,0.023224154235751675,0.018,
0.024396947795451106,0.02411810437856995,0.024035054703009852,0.024003029018232837,0.023054324336206498,0.022993214700776646,0.022166968645958164,0.02106983653771674,0.02175176897983139,0.020147182116189818,0.020423919785078008,0.019705196564688728,0.01865246306491213,0.018794215230998508,0.019198223291809254,0.020293211682529986,0.02021392540417008,0.020409634343136467,0.020738035208980658,0.020878141491665263,0.02152719859976496,0.021808748177099498,0.021919693404159044,0.021059588064211675,0.0206474979200892,0.020487669014496817,0.019580073063064675,0.01970068265826091,0.018545427260753422,0.017149905661193694,0.017025446770403418,0.0153822266572013,0.014883255605311813,0.019596773574174182,0.022365796903462756,0.02986661041245824,0.035249693323847316,0.5676710565316596,0.3450707351192103,0.4713293382131084,0.29553159464351064,0.3134237474437672,0.27274531970910465,0.2897049035730637,0.4585094228874331,0.22494946585218376,0.23509878035359022,0.16812912858022458,0.17591395655283068,0.12507691026124293,0.0974460809898787,0.10493362328157615,0.08370802145417866,0.09559765420381058,0.06409559198879004,0.05314455724816237,0.06160814646121827,0.07104088957796008,0.05329068965217441,0.0478629411413476,0.04846542070070192,0.052998470228326294,0.05208399290129784,0.047322446371224874,0.052561324341055184,0.04221263889419372,0.042257625617975574,0.037579786746067295,0.0381692199813151,0.03944327322396216,0.03067503672169478,0.02854531947453401,0.027800881509384933,0.02342819001048823,0.030076026221091037,0.031452765526418784,0.03172417324198713,0.021979444034560886,0.024710912000953038,0.026029392053611128,0.022329482582903175,0.020688063398352257,0.02319863342386122,0.02672266831661198,0.027339899198515635,0.02230964805380569,0.023562443955122463,0.021754876367367993,0.02787819589258482,0.02008708785852602,0.02034329633776468,0.01913105192971901,0.02061400487145466,0.025980500807655904,0.021,,
0.025470061277674434,0.025018722227627653,0.02534683035393847,0.02362462192579023,0.02273365792208239,0.022892014592533295,0.023646816759886554,0.022696837647715955,0.02236972892425433,0.02087480481582322,0.021161561049054787,0.02022878741175639,0.021348432858487386,0.020119141509226928,0.018763876452124274,0.0187484785642091,0.01923976928769764,0.01838926999235624,0.018007546476601244,0.017741628951015546,0.018630487063734116,0.018696959310630916,0.018375300069251588,0.019061387961063984,0.019640497468783095,0.020198043021877884,0.020647895240941905,0.019580659719451703,0.021911022181588066,0.02046947637738498,0.021627217218235805,0.021982055244239948,0.022852596029946225,0.028364318226926123,0.028278511489790416,0.028740526955102236,0.5647275394714331,0.5586910540192102,0.46529650074233303,0.4651237309461304,0.36197744544970545,0.34119849599371194,0.36527827390255135,0.3432491988776873,0.41556654443347046,0.26277049543938763,0.46705403471228335,0.48419483980110145,0.24938588176199084,0.2543567623359184,0.253255174178141,0.2219441052268867,0.20956670594939,0.18283676667657175,0.1845517356430249,0.12754066813602874,0.1532155574611828,0.14285501575812673,0.0972874514265657,0.11394792942840518,0.09645466546449472,0.10133851610247831,0.08484846398751779,0.08481476769817156,0.06480627294710492,0.07214555352044982,0.05886508914574049,0.05097132595941739,0.058912971758910096,0.0653843201911517,0.0408095235643425,0.03957155516307177,0.0474492860506891,0.048007048896944196,0.04524560653036534,0.03916957550312085,0.04195304599712904,0.03692547859348397,0.042289940815431463,0.040717867350862566,0.03339509409961797,0.030908361954424143,0.03314854258175741,0.038533694313506686,0.03031588745253249,0.03744288510869627,0.033677545404366786,0.034375786978560856,0.0331707835055292,0.028431761530794703,0.027435669173959745,0.025483153946971548,0.024671357382596532,0.028504622413330787,0.021909606276747765,0.021,
0.029172721127635404,0.029980246324860464,0.03082108155008762,0.030369843966204395,0.028627459047178054,0.02905778126011082,0.028265554734642054,0.02766616344991708,0.027113781451751768,0.027220983300169782,0.024844465807353402,0.023989736420665077,0.02394817968137855,0.022157926527431406,0.020458473368113003,0.018321609100709884,0.01786504387460913,0.01744093822837738,0.017192687818537757,0.01625715620699289,0.017566740182698617,0.018474887404765033,0.018590054560467417,0.018409138057883672,0.019594240830808945,0.019509242596694825,0.01906156275723349,0.017946460840640683,0.020790088691513012,0.02301238650112385,0.022143117854410522,0.023640124266521543,0.02261818301106853,0.024693635879995308,0.02936063549591041,0.032439429482565764,0.040438367712861766,0.5786180913572607,0.39009518017383626,0.42171301134195627,0.33953955746343417,0.4521110818248065,0.3584172012326314,0.27250372114934723,0.2112479079993891,0.14074786829660316,0.11161581488692271,0.08159442122170521,0.08742485037696672,0.07893356992612557,0.05300298268431853,0.06788665461067246,0.039985531472922935,0.03370904913319785,0.04589232893766941,0.04205690212024058,0.04964487626418919,0.03298551769665717,0.03315076370291932,0.03284427703338788,0.035276829379382826,0.030224564464091518,0.02898781309864764,0.02893650601553175,0.025189781458070836,0.032054428438766644,0.02741510419414384,0.025703839647774843,0.026892692557401402,0.028625111483650992,0.02792362725338939,0.02311139948831573,0.022263037163852546,0.02539918122398212,0.025158648481416787,0.02123755796181982,0.021736349914226478,0.01996327522607916,0.01775144287840323,0.017902839260840582,0.020332562614520298,0.01701161083338999,0.015382359012213156,0.019361002935745518,0.019680085706635875,0.019458128096267433,0.018746516525147323,0.018340945815136542,0.01766492625241387,0.017773921932649678,0.018194548589660065,0.015050241631453031,0.019263716864219096,0.018906038158352886,0.01766792285878413,0.021,
0.022373849694282993,0.022068639128337418,0.02144832014525283,0.021734687292450133,0.023508526817529258,0.0245902888514871,0.02326237708202242,0.021098226720271344,0.020016919763284458,0.020009385093635444,0.02136901651907309,0.02220963143779274,0.02264516460457401,0.022215928840265183,0.022581770533174665,0.0237897098165835,0.022917971197747036,0.022847816269703797,0.02076603740216032,0.01832182044171447,0.015463858221475205,0.015051333188385984,0.015036774202363972,0.013781778508132041,0.014197837295522212,0.015719332095914144,0.015699393252791568,0.014732129465183484,0.01673480600100448,0.01938188799645489,0.023907035206362753,0.02368403572123041,0.026213404133896098,0.03038213167422527,0.0272421319894818,0.5059041362794283,0.40596136053728044,0.40237017222242766,0.2833214528778465,0.28849533876014555,0.19791174804094971,0.2464525946610976,0.4583709645749925,0.316373491215177,0.1810514531742751,0.17852493875703299,0.1688303047226968,0.1014113704481194,0.09188297277461681,0.08838908631008052,0.08119689965995742,0.08457084902533682,0.07446603869910669,0.059249746741515286,0.05302249125338381,0.05853531882708868,0.05610143772497333,0.03940191010310284,0.03525324392711919,0.03687614364553836,0.04548038844562071,0.03858589929266473,0.0376070002924041,0.0357617099251274,0.022753707119215438,0.033648470068051176,0.02274715314112252,0.03204877075678144,0.025043247830999652,0.024426695221550294,0.021383643255645887,0.02060476768608261,0.0210424563220546,0.01681975543550255,0.02196050688073392,0.01931685909402863,0.01825865335075164,0.015452262603688947,0.014423567063894796,0.01455414913919792,0.015859085196011334,0.015116747102589968,0.015326769948451906,0.011416967880727933,0.01695627461533914,0.009453725596996122,0.009954892407703912,0.010480751827365607,0.013453068104213576,0.010321195354072077,0.011430336293049534,0.010787495250423294,0.009822081391575789,0.00876022891267238,0.009246943795322744,0.019,
0.02814151531435991,0.028220842826341328,0.02816644896877983,0.02757864632070967,0.026974824646332187,0.026667791469499713,0.02654845047210949,0.026131168679103825,0.026302124191475193,0.024472083552529666,0.024501255657217322,0.02386306277021974,0.02292897868570112,0.02275949082753527,0.020730652196439735,0.01844763690097306,0.017751221337630758,0.017732730634118437,0.017375562001932604,0.017370203848753176,0.016408135520921307,0.016919704592763422,0.016688853711840767,0.017585727874918314,0.018827966074026002,0.019652823251272728,0.02068510337821429,0.019127791210175323,0.01966826454870035,0.020210467657888396,0.02118601354091971,0.022547661353841238,0.02065614944614279,0.022160818174549454,0.02270672305776509,0.030087637200018228,0.03023547095245274,0.03724270505341058,0.5389690995877761,0.47987328801458784,0.4399312557406041,0.2717726428786494,0.31261246695918216,0.4329685364342287,0.5614509685436353,0.4443159916519678,0.2257875007915644,0.18582278316241246,0.15995054896949085,0.10766088634975501,0.09945325699971481,0.08242797785355954,0.08356364784679894,0.053980277377979,0.04517841679868401,0.055626694152976455,0.061248859515405256,0.05690324519809495,0.05944895547032174,0.04908268469474692,0.03723241435633853,0.043752535809636284,0.039930296597389,0.03552510881369678,0.03806366670565525,0.03817435906215137,0.03592818535512311,0.02831359403204589,0.034698393651296726,0.025049470097318893,0.03327209855663051,0.02219304295439869,0.027737554031430425,0.025723571686007227,0.022664236700167074,0.02332307603716938,0.021508791602009927,0.017538537999231774,0.019283699251166794,0.02180463383247165,0.018326813155951978,0.021705051567232125,0.021320901180680443,0.02043302630299247,0.023092938743239595,0.018560762481335612,0.019471891414598687,0.01706542894168157,0.01923153914753316,0.017550414420381185,0.020499947214217003,0.01521807181726235,0.013372862292103119,0.018155427481123605,0.01623008103928176,0.021,
0.031438184822931446,0.029851782884771756,0.02966874199994768,0.029444136848069378,0.029253250450594324,0.0295329615301974,0.02819397214833316,0.02647170757450269,0.026325778439728463,0.025004451923281355,0.0244219835423916,0.02292898239026078,0.024349453412529927,0.02368655572968248,0.023659413817746344,0.0204871777500547,0.021240745617450398,0.020532360116988776,0.019374682205266294,0.017877826836171447,0.01743180332108744,0.016383189890124297,0.015948132759558944,0.015397684495605881,0.016572022837102258,0.015683305522785202,0.015509380257769195,0.015486568517312563,0.01675285369901599,0.0170726675736997,0.020123203332280005,0.019808798448593443,0.022478728824915906,0.02304948065707099,0.03368575063003585,0.03804475165587296,0.5628504755041122,0.42094757767813723,0.35625054658887134,0.29040499798493674,0.28146039016126567,0.3536444244218502,0.5357796126597925,0.2791474709675429,0.2445628498730101,0.19493727414669296,0.12826298124033605,0.12546437794594525,0.09670841105534476,0.09614602512688723,0.0833657692677285,0.06550356015935825,0.07049368943682234,0.06668428076920031,0.060358761068366434,0.059029170016151336,0.054051308976296036,0.04457694001674826,0.03273333507288393,0.043431517655676585,0.03523563837929935,0.04217451746920511,0.03275877741420887,0.03535888106612588,0.027857865977415443,0.03961184307726208,0.0357668382821154,0.024961758254453164,0.028097898949317503,0.03154622071171074,0.03504750152795637,0.021320297157959016,0.024361372049453673,0.020961618781725207,0.023780554465935515,0.021487195703324326,0.020696840804032654,0.02047914779981866,0.021610714324004222,0.02363551192580129,0.019648873381827258,0.02096730379221525,0.02052398443023994,0.017450062850338583,0.016554559512845693,0.021302468759793212,0.021349541001858176,0.021881533451519077,0.013245996524709277,0.013854150346314095,0.015774735111059753,0.018688543539725395,0.01683392729646243,0.01562287720556845,0.021,,
0.027187625960652807,0.027793668493812835,0.028081190358721395,0.027352633766939232,0.026649283110594436,0.02549920166536236,0.02384741453317682,0.023977061242394855,0.023525058900710886,0.02367027433675646,0.023044722798614272,0.0219261302671294,0.02154740631509019,0.018428447348400566,0.019068002530707156,0.01851058665885667,0.017441344543401488,0.017410474171593752,0.017103426912956788,0.017541183130966573,0.0174336862405099,0.01675246966187061,0.017614598848970764,0.017812618614275043,0.018459296231921465,0.018644121774199766,0.020548056353586974,0.021610657811963984,0.02130562075069266,0.02126754630407893,0.02125547434084854,0.02534926131202965,0.029210169903888656,0.03018517096818835,0.02524282445273675,0.5279838209174776,0.5185679972237645,0.38358697337684655,0.4083019938195104,0.3399836001653983,0.5201135494817309,0.4145947885920199,0.2579369468935314,0.17049037353665578,0.14029904071036983,0.11368113216283757,0.10170475380208031,0.1024620178937493,0.06802868169328717,0.09511621513092654,0.07122749010339813,0.06702177518349717,0.05950494394182039,0.06243467318188033,0.054361451185462414,0.04830346597943008,0.05166541133241151,0.02460749706009228,0.04832401028328392,0.03783980243033585,0.044511022391890365,0.03476438481848094,0.0403527051377912,0.032176947865524,0.030904123481837627,0.02893438716165279,0.020807663869902685,0.026973152537717635,0.029916464478444066,0.022865391523500284,0.027151182915385586,0.02283147205971015,0.026847585184898104,0.023276471195076455,0.02045995714312047,0.02274480337203484,0.02123464993731244,0.024832348949926992,0.018882610091118593,0.02501070414797316,0.024012532712527783,0.02224929725864513,0.022167891763487144,0.017694762534189862,0.017487665849538085,0.018917634010727883,0.015855728852103235,0.017947074217156474,0.02026739089281442,0.020898204617007945,0.017021237392250105,0.015610313134087181,0.017745379692450197,0.01763508785032915,0.01716905525032848,0.02,
0.018917962306497844,0.01820317888050111,0.017526096019520303,0.019855318185622164,0.019076004671106612,0.01949777140590096,0.01826346886735794,0.017654031115240384,0.019407263952323305,0.01689833976720748,0.017351676142665085,0.016915734185460374,0.014963666088185697,0.01615603696813738,0.01792529785983899,0.018743314427418965,0.01864321364509897,0.01944721075112577,0.017789398749163493,0.018985490538129694,0.018234750007487244,0.017124956753444297,0.015836226261378997,0.016232796416593736,0.016044567439806198,0.017091913911927093,0.019156627689998765,0.017583188787057374,0.01957025770593056,0.02166797155380216,0.021061464599580308,0.021995254814340878,0.02393823943324921,0.023412747988624357,0.02662930249674014,0.03139442712134561,0.06716617107792305,0.6253344630928794,0.49421018539523004,0.4180366797498813,0.27898562134875327,0.3227454310067025,0.38411947810283315,0.6348692069861579,0.5347055662488794,0.21169929379611288,0.1999907378811541,0.15422529675701754,0.12325186582984972,0.10617609481682952,0.09474401542291087,0.08771625718462993,0.09080642088362921,0.07188302779620971,0.05504339034207944,0.05701690858478863,0.0327411661965172,0.04452617990243877,0.03954927581832327,0.0416892311890269,0.04197252996263981,0.0394589948170648,0.029938697873568513,0.0381644586069692,0.035237204573135415,0.034648228187711905,0.02847429295181794,0.03210084446629808,0.03507882433468653,0.02518592154448977,0.024057252343195973,0.02774351172805408,0.025128752991469213,0.02275368325857241,0.02240624622525114,0.03023519631446266,0.01943810095003767,0.014879388296233113,0.017234881427933373,0.024556765869974306,0.021858421918636975,0.01823320335886388,0.01885512145448322,0.017486480478182034,0.013998675226133074,0.017578467086775348,0.018024455369282457,0.018267601262427102,0.019447879166013367,0.012990937892134898,0.013179855179316927,0.01263660080481009,0.012219521645568195,0.013402004806890052,0.012650471554902305,0.017,
